序号;评论内容;情绪分数
序号;评论内容;情绪分数
序号;评论内容;情绪分数
序号;评论内容;情绪分数
序号;评论内容;情绪分数
序号;评论内容;情绪分数
序号;评论内容;情绪分数
序号;评论内容;情绪分数
序号;评论内容;情绪分数
序号;评论内容;情绪分数
序号;评论内容;情绪分数
序号;评论内容;情绪分数
序号;评论内容;情绪分数
序号;评论内容;情绪分数
序号;评论内容;情绪分数
序号;评论内容;情绪分数
序号;评论内容;情绪分数
序号;评论内容;情绪分数
序号;评论内容;情绪分数
序号;评论内容;情绪分数
序号;评论内容;情绪分数
序号;评论内容;情绪分数
序号;评论内容;情绪分数
序号;评论内容;情绪分数
序号;评论内容;情绪分数
序号;评论内容;情绪分数
序号;评论内容;情绪分数
序号;评论内容;情绪分数
序号;评论内容;情绪分数
序号;评论内容;情绪分数
序号;评论内容;情绪分数
序号;评论内容;情绪分数
序号;评论内容;情绪分数
序号;评论内容;情绪分数
序号;评论内容;情绪分数
序号;评论内容;情绪分数
序号;评论内容;情绪分数
序号;评论内容;情绪分数
序号;评论内容;情绪分数
序号;评论内容;情绪分数
序号;评论内容;情绪分数
序号;评论内容;情绪分数
序号;评论内容;情绪分数
序号;评论内容;情绪分数
序号;评论内容;情绪分数
序号;评论内容;情绪分数
序号;评论内容;情绪分数
序号;评论内容;情绪分数
序号;评论内容;情绪分数
序号;评论内容;情绪分数
序号;评论内容;情绪分数
序号;评论内容;情绪分数
序号;评论内容;情绪分数
序号;评论内容;情绪分数
序号;评论内容;情绪分数
序号;评论内容;情绪分数
序号;评论内容;情绪分数
序号;评论内容;情绪分数
序号;评论内容;情绪分数
序号;评论内容;情绪分数
序号;评论内容;情绪分数
序号;评论内容;情绪分数
序号;评论内容;情绪分数
序号;评论内容;情绪分数
序号;评论内容;情绪分数
序号;评论内容;情绪分数
序号;评论内容;情绪分数
序号;评论内容;情绪分数
序号;评论内容;情绪分数
序号;评论内容;情绪分数
序号;评论内容;情绪分数
序号;评论内容;情绪分数
序号;评论内容;情绪分数
序号;评论内容;情绪分数
序号;评论内容;情绪分数
序号;评论内容;情绪分数
序号;评论内容;情绪分数
序号;评论内容;情绪分数
序号;评论内容;情绪分数
序号;评论内容;情绪分数
序号;评论内容;情绪分数
序号;评论内容;情绪分数
序号;评论内容;情绪分数
序号;评论内容;情绪分数
序号;评论内容;情绪分数
序号;评论内容;情绪分数
序号;评论内容;情绪分数
序号;评论内容;情绪分数
序号;评论内容;情绪分数
序号;评论内容;情绪分数
序号;评论内容;情绪分数
序号;评论内容;情绪分数
序号;评论内容;情绪分数
序号;评论内容;情绪分数
序号;评论内容;情绪分数
序号;评论内容;情绪分数
序号;评论内容;情绪分数
序号;评论内容;情绪分数
序号;评论内容;情绪分数
序号;评论内容;情绪分数
序号;评论内容;情绪分数
序号;评论内容;情绪分数
序号;评论内容;情绪分数
序号;评论内容;情绪分数
序号;评论内容;情绪分数
序号;评论内容;情绪分数
序号;评论内容;情绪分数
序号;评论内容;情绪分数
序号;评论内容;情绪分数
序号;评论内容;情绪分数
序号;评论内容;情绪分数
序号;评论内容;情绪分数
序号;评论内容;情绪分数
序号;评论内容;情绪分数
序号;评论内容;情绪分数
序号;评论内容;情绪分数
序号;评论内容;情绪分数
序号;评论内容;情绪分数
序号;评论内容;情绪分数
序号;评论内容;情绪分数
序号;评论内容;情绪分数
序号;评论内容;情绪分数
序号;评论内容;情绪分数
序号;评论内容;情绪分数
序号;评论内容;情绪分数
序号;评论内容;情绪分数
序号;评论内容;情绪分数
序号;评论内容;情绪分数
序号;评论内容;情绪分数
序号;评论内容;情绪分数
序号;评论内容;情绪分数
序号;评论内容;情绪分数
序号;评论内容;情绪分数
序号;评论内容;情绪分数
序号;评论内容;情绪分数
序号;评论内容;情绪分数
序号;评论内容;情绪分数
序号;评论内容;情绪分数
序号;评论内容;情绪分数
序号;评论内容;情绪分数
序号;评论内容;情绪分数
序号;评论内容;情绪分数
序号;评论内容;情绪分数
序号;评论内容;情绪分数
序号;评论内容;情绪分数
序号;评论内容;情绪分数
序号;评论内容;情绪分数
序号;评论内容;情绪分数
序号;评论内容;情绪分数
序号;评论内容;情绪分数
序号;评论内容;情绪分数
序号;评论内容;情绪分数
序号;评论内容;情绪分数
序号;评论内容;情绪分数
序号;评论内容;情绪分数
序号;评论内容;情绪分数
序号;评论内容;情绪分数
序号;评论内容;情绪分数
序号;评论内容;情绪分数
序号;评论内容;情绪分数
序号;评论内容;情绪分数
序号;评论内容;情绪分数
序号;评论内容;情绪分数
序号;评论内容;情绪分数
序号;评论内容;情绪分数
序号;评论内容;情绪分数
序号;评论内容;情绪分数
序号;评论内容;情绪分数
序号;评论内容;情绪分数
序号;评论内容;情绪分数
序号;评论内容;情绪分数
序号;评论内容;情绪分数
序号;评论内容;情绪分数
序号;评论内容;情绪分数
序号;评论内容;情绪分数
序号;评论内容;情绪分数
序号;评论内容;情绪分数
序号;评论内容;情绪分数
序号;评论内容;情绪分数
序号;评论内容;情绪分数
序号;评论内容;情绪分数
序号;评论内容;情绪分数
序号;评论内容;情绪分数
序号;评论内容;情绪分数
序号;评论内容;情绪分数
