发布者;发布时间;推文url链接
Spotlight on China;Oct 2;https://twitter.com/spotlightoncn/status/1708830602844344474
“Anna”lytic Talk;Oct 5;https://twitter.com/AnnalyticTalk/status/1709915125745061949
Rod Leigh;Oct 6;https://twitter.com/LeighRod98579/status/1710116215405031737
Reuters;Oct 5;https://twitter.com/Reuters/status/1709881113630700026
Eagle;Oct 1;https://twitter.com/xiaoying237/status/1708346443139027229
VILLAGER;Nov 13, 2021;https://twitter.com/WE85663516/status/1459362038078066699
Hawks 2026 champions;Feb 13, 2022;https://twitter.com/Trae11xCole15/status/1492568372088868870
La vida Liverpool;Dec 28, 2021;https://twitter.com/Feelsoholy/status/1475810890507501570
America-China Watcher;Jan 4, 2022;https://twitter.com/PandemicTruther/status/1478320277461340160
かわたる;Feb 8, 2022;https://twitter.com/kawataru_j/status/1490957383212109824
classicpaws;Sep 19, 2021;https://twitter.com/classicpaws1/status/1439474747071475716
allen;Oct 6;https://twitter.com/allen16529268/status/1710137329799856367
Spotlight on China;Oct 2;https://twitter.com/spotlightoncn/status/1708830602844344474
Global Times;Oct 6;https://twitter.com/globaltimesnews/status/1710146330436477136
Rachel Arkadiy;Oct 4;https://twitter.com/fushishan110/status/1709585858549174446
Kaiting Yeo;Oct 1;https://twitter.com/kaitingyeo/status/1708302421016121654