æ ‡é¢˜;å‘å¸ƒè€…;å‘å¸ƒæ—¶é—´;è§‚çœ‹æ•°;urls;è§†é¢‘æ—¶é•¿
é¾™æ½®å”±ç‰‡ï½œã€Šå½’é¾™æ½®ã€‹æ›´åå°è±¡æ›²æ­£å¼ä¸Šçº¿ï¼;å½’é¾™æ½®;Â· 6-16;105.5ä¸‡;https://www.bilibili.com/video/BV1zs4y1y7iA/;03:02
ã€Šå½’é¾™æ½®ã€‹å®æœºPVé¦–æ›â€”â€”æ–°çš„é©°é€”å§‹äºè°¢å¹•ä¹‹å;å½’é¾™æ½®;Â· 2022-12-9;694.4ä¸‡;https://www.bilibili.com/video/BV1RK411X7CY/;02:03
å½’é¾™æ½®çš„è¿™ä¸ªæ¹–åŒ—å–å£éŸ³ç»äº†;çŒªè‚šé¸¡å¾—åŠ é¸¡;Â· 11-22;411;https://www.bilibili.com/video/BV13M411f7iC/;01:04
å›½é£æš´åŠ›ç¾å­¦ï¼æ–©ç”·åˆæ–©å¥³ï¼;ä¸€åªå®…å°å—;Â· 4-1;19.6ä¸‡;https://www.bilibili.com/video/BV1es4y1U7uw/;01:14
ã€Šå½’é¾™æ½®ã€‹| BW2023 å¼€æœºå®´å½±åƒç•™å¿µ;å½’é¾™æ½®;Â· 7-25;6.6ä¸‡;https://www.bilibili.com/video/BV1N94y1v7A6/;02:22
å½’é¾™æ½®Â·ç‹æœ1982ï½œå¼ºä¸­è‡ªæœ‰å¼ºä¸­æ‰‹ï¼Œå±±å¤–é’å±±æ¥¼å¤–æ¥¼ï½œæ­Œè¯æ’ç‰ˆ;å¤§å¤§æ¾„å°†å†›;Â· 6-17;24.8ä¸‡;https://www.bilibili.com/video/BV11o4y177sV/;03:04
è¿™æ˜¯æˆ‘è§è¿‡æœ€å¥‘åˆæˆé¾™å†é™©è®°bgmçš„æ¸¸æˆpv;é—®é›SAMA;Â· 2022-12-11;100.9ä¸‡;https://www.bilibili.com/video/BV1VM411U7Tn/;00:49
ä¸€æ¬¾å±äºå›½äººçš„æ½®æµæ¸¸æˆğŸŒ¹;æ…•æ–¯é¥¼å¹²;Â· 11-19;935;https://www.bilibili.com/video/BV1mw411H7Uy/;01:05
ğŸ’–é†‰ç¬™ğŸ’–é»‘ä¸æ——è¢å¤§å§å§ è°äººä¸çˆ±å‘¢ğŸ’–;ç”Ÿä¹¦æ„äº¦ä¹¦ç”Ÿ;Â· 11-25;140;https://www.bilibili.com/video/BV1pu4y1w7Hc/;03:19
è¿™ä¹ˆå¸…çš„è€å…¬ï¼Œä½ ç¡®å®šä¸ç©;æˆšå®´8356;Â· 12å°æ—¶å‰;9;https://www.bilibili.com/video/BV1bv411F74D/;00:13
æ­£å¤ªç‰ˆã€Šå½’é¾™æ½®ã€‹ï¼ä»æ¥æœ¬é¢†æ— å¸ˆè‡ªé€šï¼å—¨èµ·æ¥äº†ï¼;å­å‡Œå¼ˆç§‹;Â· 6-17;6714;https://www.bilibili.com/video/BV1SX4y147Bm/;03:02
æˆè…”æ‘‡æ»šä¸€é¦–æ‹¿æã€Šå½’é¾™æ½®ã€‹æ­£æ°”å¤§çˆ†å‘ğŸ’¥ã€è±æ©Xç™¾æ–¯æ‹‰ã€‘;ç™¾æ–¯æ‹‰_Hundreds;Â· 7-28;1.7ä¸‡;https://www.bilibili.com/video/BV1PX4y1J7TK/;02:57
ã€é¬¼ç­ä¹‹åˆƒÃ—å½’é¾™æ½®è”åŠ¨å†³å®šï¼ï¼ˆbushiã€‘é†‰ç¬™åˆ°ä½ï¼Œæ— æƒ¨å¹²ç¢ï¼;æ˜¯å–µèŠ‹;Â· 6-18;1175;https://www.bilibili.com/video/BV16j411X7uf/;01:15
å½’é¾™æ½®ï¼ˆå”åˆ€ç‰ˆMVï¼‰â€”â€”ç‹æœ1982ï¼Œå­—å¹•æ’ç‰ˆï¼š@å¤§å¤§æ¾„å°†å†›@ç‹æœ1982;å°‘ç„±Fans;Â· 6-30;4135;https://www.bilibili.com/video/BV1GM4y177vF/;02:56
ã€å½’é¾™æ½®ã€‘å…¨é¢ç©æ³•å±•ç¤ºè§£æâš¡23å¹´è¶…æƒŠå–œ æ¨ªç‰ˆè·‘é…·æˆ˜æ–—æ‰‹æ¸¸;èæ²™er;Â· 4-3;7093;https://www.bilibili.com/video/BV1xj411w7LJ/;04:45
æ‰“è´¥èµ›åšæœ‹å…‹çš„åªæœ‰å›½é£èµ›åšï¼Œå¥½æœŸå¾…å…¬æµ‹å“ˆï¼ #å½’é¾™æ½® #äºŒæ¬¡å…ƒ #å›½é£ #èµ›åšæœ‹å…‹;å½’é¾™æ½®æƒ…æŠ¥å¤„;Â· 11-25;151;https://www.bilibili.com/video/BV1fu4y1w7D1/;00:45
ç–¯ æ‰¹ å›½ é£ è¯´ å”±;é“é›€Bzz;Â· 6-20;6.2ä¸‡;https://www.bilibili.com/video/BV1EP411q7wd/;03:01
ã€procreateã€‘æ‘¸æ‘¸å¥³å„¿;Haru_æ²¢æ²¢æ²¢;Â· 8-13;8454;https://www.bilibili.com/video/BV1i44y1c768/;04:51
ä»€ä¹ˆï¼Ÿç»ˆäºè¦ä¸Šçº¿äº†ï¼Ÿä¸€èµ·æœŸå¾…å§;èŠ±è¾æ ‘boba;Â· 11-26;134;https://www.bilibili.com/video/BV1rj411L7Z6/;00:57
[ç²‰çŒ´COSå¤©å›¢]BW2023 å½’é¾™æ½® | ä½ è‚¯å®šåœ¨ç°åœºçœ‹åˆ°äº†è¿™äº›ç»ç¾å°å“¥å“¥å°å§å§;ç²‰çŒ´COSå¤©å›¢;Â· 7-26;1096;https://www.bilibili.com/video/BV1ak4y1V7e9/;01:10
ã€å½’é¾™æ½®xåŒåˆ€ã€‘å‘¨æ°ä¼¦å…¨çƒå·¡å›æ¼”å”±ä¼šä¹é¾™åŸç«™ç°åœºå½•åƒ;é±¼ç³•_Serendipity;Â· 6-3;8.3ä¸‡;https://www.bilibili.com/video/BV1vs4y1i7Lf/;01:27
ã€å½’é¾™æ½®MMDã€‘ â˜…å¤©é»‘äººå®¹æ˜“çŠ¯éŒ¯ å±‹é ‚æœƒç€ç«â˜… | é†‰ç¬™;èµ›åšé€ƒéš¾åŒäººé’•;Â· 11-24;4637;https://www.bilibili.com/video/BV1ba4y1Z7TS/;03:34
ã€å½’é¾™æ½®ã€‘ä½ æ•¢ä¿¡è¿™å°±æ˜¯ä¸€ä¸ªæ¸¸æˆçš„pvé¢„å‘Šï¼;é˜¿å¾·é¢„å‘ŠZJP;Â· 10-28;278;https://www.bilibili.com/video/BV1vQ4y1W7Dw/;00:32
é†‰ç¬™ å¤ª é¦™ å•¦;dtno7;Â· 22å°æ—¶å‰;43;https://www.bilibili.com/video/BV1ye411f7kE/;00:31
ã€æš—å·ï¼šç³/å½’é¾™æ½®ã€‘æš—å·ç³é¦–æµ‹ æè‡´ç”»è´¨ ä¸»çº¿å‰§æƒ…ä¸€ã€äºŒç«  æ‰‹æœºå½•å±ç²—å‰ª;å››å­£æŸ‘æ©˜;Â· 4-1;1758;https://www.bilibili.com/video/BV1zh41137iB/;02:12:49
ã€MMDå½’é¾™æ½®ã€‘é†‰ç¬™â¤;å…°æœˆRanruie;Â· 11-24;353;https://www.bilibili.com/video/BV1jC4y127uU/;00:15
ã€çœ¼ç›è¦é¸Ÿé¸Ÿäº†ã€‘æœ€æ–°è§†é¢‘ä¸Šçº¿ï¼Œæ±‚å…³æ³¨ï¼;çœ¼ç›è¦é¸Ÿé¸Ÿäº†;Â· 11-25;2;https://www.bilibili.com/video/BV1NN4y1U79e/;00:53
è¿™æ¸¸å¥½åƒè¿˜æ²¡å…¬æµ‹â€¦â€¦;å°˜åš£å°‘ä¸»è¯·å…¥ç¢—;Â· 7-13;570;https://www.bilibili.com/video/BV1e8411U77y/;04:03
é€›BW è¸©BT;æ‘„å½±å¸ˆå¤§å…ƒ;Â· 7-25;220.5ä¸‡;https://www.bilibili.com/video/BV1qu4y1U7C9/;04:07
*è¶…ç‡ƒæ‰“æˆ*ã€ä¸€äººä¹‹ä¸‹ã€‘ã€å½’é¾™æ½®ã€‘;ç§‰æ¸¸lim;Â· 6-30;1281;https://www.bilibili.com/video/BV1ts4y1k7ss/;01:15
å¥½éœ¸æ°”çš„æ€ªç‰©ä½ çˆ±äº†å—ï¼Ÿ;å°å¶æ¸¸æˆå‘€;Â· 11-26;171;https://www.bilibili.com/video/BV1nQ4y1t72k/;00:14
ä»€ä¹ˆå¥³è§’è‰²å•Šï¼å¼„å¾—ä¸€å››å·äººç°åœ¨çœ‹è§è¾£æ¤’è…¿éƒ½å‘è½¯ï¼Ÿï¼;å››å·çŒ›ç”·è€åœ†;Â· 4-12;20.8ä¸‡;https://www.bilibili.com/video/BV1kT411W7BL/;04:24
å’Œæœå“¥ @ç‹æœ1982 ä¸ºæ¸¸æˆ@å½’é¾™æ½® æ¼”å”±çš„åŒåä¸»é¢˜æ›²ã€Œå½’é¾™æ½®ã€æ¥äº†ï¼è§†é¢‘åˆ¶ä½œï¼šå¸ƒå‰å°çº¢çº¢;æœ±æ—­BooBoo;Â· 6-19;8.5ä¸‡;https://www.bilibili.com/video/BV18k4y1M7tb/;00:21
å½’é¾™æ½®ã€é“é•¿ã€‘coverç‹æœ1982;å…­å¼¦é“å£«;Â· 6-18;401;https://www.bilibili.com/video/BV1SV4y1174j/;01:27
ã€å½’é¾™æ½®xå”¢é£åŸã€‘é¾™è¡Œè¸ç»›æ°”ï¼Œè…¾è·ƒæ€’æ½®æ¥;å•¾ä¹Ÿå›;Â· 5-31;8.6ä¸‡;https://www.bilibili.com/video/BV1Nh4y1d7UU/;01:24
â–·BW2023â—å½’é¾™æ½®æ˜ åƒæ›²ç°åœºå”¢å‘è¨å…‹æ–¯ç‰ˆ;å¤©ç¥ä¸‹é¥­ã®t;Â· 7-23;220;https://www.bilibili.com/video/BV1Wh4y1y7th/;02:29
;;;;https://www.bilibili.com/video/BV1Zh4y1g7Kv/;
;;;;https://www.bilibili.com/video/BV1Ta4y1f7BX/;
;;;;https://www.bilibili.com/video/BV1NX4y1k7xa/;
;;;;https://www.bilibili.com/video/BV1Bj411Z7um/;
;;;;https://www.bilibili.com/video/BV18w411P7zr/;
;;;;https://www.bilibili.com/video/BV1HV4y1Q7A8/;
â€œè°ä¸æƒ³å’Œå¤§å¤§çš„å°å§å§ä¸€èµ·è·‘é…·å‘¢ï¼Ÿâ€;çƒ½ç«æ¹›è“;Â· 6-18;14.6ä¸‡;https://www.bilibili.com/video/BV1Zh4y1g7Kv/;01:46
å½“å¸•å°”é©¬éœ²å‡ºçœŸå®¹ï¼;å°±è¦å¸ç²‰æ¡;Â· 10å°æ—¶å‰;14;https://www.bilibili.com/video/BV1Ta4y1f7BX/;00:08
ã€æš—å·ç³é¦–æµ‹ã€‘è¯•æ˜ æµ‹è¯•è¯•ç©2ï¼ˆå¤ªå¤§äº†åˆ†ä¸äº†päº†ï¼‰ã€å½’é¾™æ½®ã€‘;æ‰“å¡æŠ½å¥–åŒºUP;Â· 4-1;1772;https://www.bilibili.com/video/BV1NX4y1k7xa/;01:09:17
å´©åä¸‰xå½’é¾™æ½®;æ•…é‡Œå¦‚æ¢¦äººç”Ÿå¦‚æˆ;Â· 7-12;612;https://www.bilibili.com/video/BV1Bj411Z7um/;02:51
#å½’é¾™æ½® #é•¿å‘½é” ï¼šæ¥æ„Ÿå—ä¸‹æ–¹è¨€çš„é­…åŠ›å§~ğŸ˜;æŒ‡å°–ä¸Šçš„-æœˆå…‰;Â· 11-25;84;https://www.bilibili.com/video/BV18w411P7zr/;00:30
ã€æš—å·ç³ã€‘ã€å½’é¾™æ½®ã€‘ä¸»çº¿ä¸€;æˆ‘å€‘éƒ½çˆ±å“ˆæ¢…å°”;Â· 3-31;1.5ä¸‡;https://www.bilibili.com/video/BV1HV4y1Q7A8/;25:08
ã€Šå½’é¾™æ½®ã€‹ä¹é¾æ–°æ˜¥ä¼š | æ¥è‡ªã€Œç‹®å­åŒºã€æ‹‚äº‘çš„æ–°æ˜¥ç¥ç¦;å½’é¾™æ½®;Â· 1-22;12.8ä¸‡;https://www.bilibili.com/video/BV1VT41127BT/;00:49
è™½æ˜¯çœŸé¾™ä¹Ÿéæˆ‘çš„å¯¹æ‰‹ï¼Œé¡ºåŠ¿è…¾ç©ºå´å æ³¢æŠ˜åŒ—æ–—;æµ©ç„¶æ­£æ°”-åä¸è§ç»ä¼ ;Â· 6-18;245;https://www.bilibili.com/video/BV1KP411q7hQ/;03:00
å½’é¾™æ½®/æš—å·ç³ä¸€æµ‹æ»¡çº§å…¨è§’è‰²å›¾é‰´é¢„è§ˆï¼ˆè‡ªå­˜ï¼‰;é¦™è¾£é¸¡è…¿å ¡æ¥ä¸€ä»½;Â· 4-2;1.4ä¸‡;https://www.bilibili.com/video/BV1624y1j7iJ/;08:49
è°è®©ä½ ä»¬å…¥æˆè¿™ä¹ˆæ·±çš„ï¼Ÿæ‡‚äº†ï¼Œç©å½’é¾™æ½®ç©å„¿çš„ï¼;æ¸¸æœºå°‘å¹´Sun;Â· 10-14;344;https://www.bilibili.com/video/BV1Gy4y1N7Us/;01:12
ã€é»„æµ·å†°7.23ç”Ÿè´ºã€‘ç”Ÿè¾°åäºŒæ—¶è¾°ä¸¨å½’é¾™æ½®ä¸¨æœªæ—¶;æ¾œæ¾œæ¾œç¦ä¸¶;Â· 7-23;484;https://www.bilibili.com/video/BV1qc411c7it/;01:13
é»‘é•–å®¢æ•™ä½ è®©çŒ›ç”·å«çˆ¸çˆ¸;é»‘é•–å®¢æ¢¦å›;Â· 4-14;92.2ä¸‡;https://www.bilibili.com/video/BV1ZM4y1C73f/;11:01
æˆ‘ç‰¹ä¹ˆç°åœ¨å°±è¦å½“å¯¼æ¼”ï¼å°–é”çˆ†é¸£å£°*;æ˜¯ç–æ¬¸å˜¿;Â· 11-19;4;https://www.bilibili.com/video/BV1kb4y1M7ZD/;00:13
å½’é¾™æ½®ç°åœºæ•™å­¦èˆé¾™ç‰‡æ®µ;å·´æ ¼HerbertBagge;Â· 7-21;539;https://www.bilibili.com/video/BV1kj411o7gD/;03:12
å½’é¾™æ½®;ä¿ºå“å‡ºå»ç©;Â· 8-5;261;https://www.bilibili.com/video/BV1cM4y1p718/;00:31
å§å§æˆ‘å¯ä»¥ï¼ï¼å›½æ½®é£æ–°æ¸¸ã€æš—å·ç³ã€‘é¦–æµ‹ï¼;è½¯æ‡µ;Â· 4-11;6545;https://www.bilibili.com/video/BV1Ma4y1N7zD/;09:51
è‹±é›„ç¯‡ï¼šé†‰ç¬™~ğŸ™Œ;æŒ‡å°–ä¸Šçš„-æœˆå…‰;Â· 13å°æ—¶å‰;2;https://www.bilibili.com/video/BV1n94y1n7iT/;00:12
æˆå¥³èµ›é«˜;è§£ä¸å¼€çš„å¿ƒåŠ«;Â· 15å°æ—¶å‰;8;https://www.bilibili.com/video/BV17a4y1f7wf/;00:11
çƒ­é—¨äºŒæ¬¡å…ƒæ¨ªç‰ˆéƒ½å¸‚ç„å¹»åŠ¨ä½œæ‰‹æ¸¸ï¼ï¼;çƒ­æ¸¸é˜¿å‘†;Â· 11-23;166;https://www.bilibili.com/video/BV1VM411f7DB/;01:03
ã€æ¸¸åœˆé‚£äº›äº‹-ç¬¬åä¸‰æœŸã€‘äºŒæ¸¸ç‰¹è‰²ï¼Œæ’é˜Ÿå…¬æµ‹ï¼éª¨ç‹é›¾å¢ƒåºåˆ—é“ƒå…°ä¹‹å‰‘æ¥è¿ä¸Šçº¿;ä»èœå’Œå°¹å“’;Â· 11-24;3008;https://www.bilibili.com/video/BV1uc411z7Dz/;08:15
ã€Œå½’é¾™æ½®-å°†ç¦»ã€ä¸ç»‡å¸ƒ | ä¹°ä¸åˆ°å‘¨è¾¹çš„äººåªèƒ½è‡ªåŠ›æ›´ç”Ÿ;å·è½»å˜;Â· 7-21;340;https://www.bilibili.com/video/BV1iX4y1J7rB/;01:09
å½’é¾™æ½®ï¼Œ11.30å¼€å¯äºŒæµ‹;çƒ­æ¸¸é˜¿å‘†;Â· 11-22;229;https://www.bilibili.com/video/BV1ve411f7S2/;01:12
ã€Šå½’é¾™æ½®ã€‹ä¹é¾æ–°æ˜¥ä¼š | æ¥è‡ªã€Œä¸­æµ¦åŒºã€é•¿å‘½é”çš„æ–°æ˜¥ç¥ç¦;å½’é¾™æ½®;Â· 1-21;11.5ä¸‡;https://www.bilibili.com/video/BV1Cv4y1r7hD/;01:04
ã€å½’é¾™æ½®/ä¸€äººä¹‹ä¸‹ã€‘åŠå±±å¼€å¾„å…¥æ¾ç­ ï¼Œæ–¯é¡»ä¹é‡çœŸé¾™å‡º;ç™¾åˆ†ä¹‹-æŸ’;Â· 6-10;9.9ä¸‡;https://www.bilibili.com/video/BV1Bo4y1T7b6/;01:04
ã€ç‹ä¹Ÿxä¾¯æ˜æ˜Šã€‘ä½ è¾“è¿‡å—ï¼Ÿç‹ä¹Ÿ è¯´è¿™å¥è¯ çš„ æ—¶å€™çœŸçš„æ˜¯éœ¸æ°”å¤–éœ²ã€ã€‘;è¸æ¥è¸å»;Â· 9-15;427;https://www.bilibili.com/video/BV1oh4y1w7FZ/;02:59
ä¸€åœºæ¢¦ï¼Œå½’é¾™æ½®ã€å›½æ¼«æ··å‰ªã€‘;é£è¯4;Â· 7-27;329;https://www.bilibili.com/video/BV1ku41137ja/;01:08
ã€å½’é¾™æ½®ã€‘ç‡ƒç‡ƒç‡ƒï¼â€œè€å­å¼€å¤©åˆè¾Ÿåœ°ï¼Œæ“ä½œç™¾æ— ç¦å¿Œâ€;é›å°ä¸™;Â· 8-11;774;https://www.bilibili.com/video/BV1mu4y1X7LR/;02:34
bw è¶…å¥½çœ‹é•¿å‘½é”;é—ªå…‰é¾™çŒ«;Â· 7-23;480;https://www.bilibili.com/video/BV1QN411e7De/;00:10
ã€å½’é¾™æ½®ã€‘å‘¨è¾¹-èœƒç«‹ç‰Œ;Glovetèœ—ç«¹;Â· 7-23;82;https://www.bilibili.com/video/BV1cz4y1x7t8/;02:04
ã€å½’é¾™æ½®ã€‘é‡åº†å¦¹å­é”è¯„ç™¾ä¸‡é¢„çº¦å›½æ½®åŠ¨ä½œæ‰‹æ¸¸é•¿è¿™æ ·ï¼;é˜¿é…·Cool;Â· 4-9;14.7ä¸‡;https://www.bilibili.com/video/BV17T411x7EV/;08:08
bwç‰©å“å¼€ç®±ï½œç¬¬ä¸€æ¬¡å»bwï½œå¤©å®˜èµç¦ï¼Œæ—¶å…‰ä»£ç†äººï¼Œå®¿å‘½å›å“ï¼Œ;ç´«æ£‹æ»´é˜¿å·´æ€ª;Â· 7-24;279;https://www.bilibili.com/video/BV1WX4y1n7PM/;03:34
ã€Šå½’é¾™æ½®ã€‹ä¹é¾æ–°æ˜¥ä¼š | æ¥è‡ªã€Œæœé£åŒºã€é†‰ç¬™çš„æ–°æ˜¥ç¥ç¦;å½’é¾™æ½®;Â· 1-23;7.3ä¸‡;https://www.bilibili.com/video/BV1pY411X71V/;00:35
ä¹é¾™åˆ¶ç‰‡åœºæ‹›äººå•¦ï¼;å°æ›¼å–œæ¬¢äºŒæ¬¡å…ƒ;Â· 6-2;124;https://www.bilibili.com/video/BV1vo4y1u7Y5/;00:49
ã€ä¸Šæµ·BW2023ã€‘åœ¨å¹ä¸€ç§å¾ˆæ–°çš„å½’é¾™æ½®;benchaninldn;Â· 7-22;321;https://www.bilibili.com/video/BV1894y1v7Y3/;00:44
ã€æ…•æ–¯é¥¼å¹²ã€‘æˆ‘çš„æœ€æ–°ä½œå“ï¼Œå¿«æ¥ä¸€ç¹ä¸ºå¿«ï¼;æ…•æ–¯é¥¼å¹²;Â· 12å°æ—¶å‰;2;https://www.bilibili.com/video/BV1Qu4y157BB/;01:56
å½’é¾™æ½®;å‘¼å«é˜¿é»˜;Â· 11-25;122;https://www.bilibili.com/video/BV1y94y1J7Vk/;01:26
;;;;https://www.bilibili.com/video/BV1JN411D7kY/;
;;;;https://www.bilibili.com/video/BV1pC4y127E8/;
;;;;https://www.bilibili.com/video/BV1ws4y117T3/;
;;;;https://www.bilibili.com/video/BV1SV41137v5/;
;;;;https://www.bilibili.com/video/BV14A411978D/;
;;;;https://www.bilibili.com/video/BV1XP411z7SL/;
ä¸­å¼èµ›åšéƒ½å¸‚ï¼å¥½æƒŠè‰³çš„å›½æ½®é£ï¼ï¼;ç›ä¸½è‘±è‘±;Â· 7-1;1.6ä¸‡;https://www.bilibili.com/video/BV1JN411D7kY/;00:52
ã€Šå½’é¾™æ½®ã€‹æ–°æ¸¸å›½é£æ¨ªç‰ˆæ ¼æ–—æ‰‹æ¸¸;å¤§æ±Ÿæ¸¸æˆå›;Â· 11-23;106;https://www.bilibili.com/video/BV1pC4y127E8/;00:46
å˜¿å˜¿ï¼å¥½æœ‰æ„æ€å“Ÿï¼å‘›å‘›å‘›å‘›ï¼;ç‹æœ1982;Â· 6-19;47.4ä¸‡;https://www.bilibili.com/video/BV1ws4y117T3/;00:20
ã€è‡ªå­˜ã€‘å½’é¾™æ½®-çƒ› ç»˜ç”»è¿‡ç¨‹;Drawing-pin;Â· 8-13;181;https://www.bilibili.com/video/BV1SV41137v5/;03:12
æ‰‹æ¸¸:èµ›åšçµå¼‚æ–°æ¸¸ å½’é¾™æ½®;ç´«é¢œçš„å°çŒ«çŒ«;Â· 2022-12-12;3965;https://www.bilibili.com/video/BV14A411978D/;01:24
æ–°æ¸¸æˆï½œå½’é¾™æ½®PVçš„æ™¯å¥½ç²¾è‡´ï¼ï¼ï¼;ä¸‰åªçŒ«çŒ«å‘€;Â· 7-29;151;https://www.bilibili.com/video/BV1XP411z7SL/;00:22
è¿™ç§é¢œå€¼å½“å¥³é…ï¼Ÿè¿˜ç»™ä¸ç»™å¥³ä¸»ç•™æ´»è·¯äº†ï¼Ÿï¼ï¼;å†·é˜³å­¦å¼Ÿ;Â· 4-6;1.9ä¸‡;https://www.bilibili.com/video/BV15X4y1k7tb/;04:53
ç‰ï¼ŒçœŸç‰ï¼å¥½ä¸€ä¸ªï¼Œé†‰ç¬™æ‘‡ï¼;æ›²åŸæ¸Š;Â· 11-24;14;https://www.bilibili.com/video/BV1Yb4y1T7ua/;00:17
ç½‘ç»œçœŸçš„æ˜¯å¤ªç²¾å½©äº†;é“¶é“ƒå¤©ä¾;Â· 6-28;1678;https://www.bilibili.com/video/BV1aV411g7tt/;01:32
ã€Šå½’é¾™æ½®ã€‹æ¸¸æˆåœºæ™¯ï¼Œåœ¨ç°å®ä¸­é•¿å•¥æ ·ï¼Ÿ;å¤§æ²³ææ–¯ç‰¹è§†é¢‘å·¥ä½œå®¤;Â· 7-8;1.2ä¸‡;https://www.bilibili.com/video/BV1vk4y1K77b/;01:23
å¼€ç®±/å½’é¾™æ½®å§å”§;è¶Šæ—è§…å±±é£;Â· 8-10;255;https://www.bilibili.com/video/BV1v84y1Z7Do/;01:47
è„‘è¢‹å¤§å¤§çš„ï¼Œè¡¨æƒ…å±‘å±‘çš„ï¼ˆx;æµ…ä¹ninth;Â· 7-26;1.2ä¸‡;https://www.bilibili.com/video/BV1sV4y1q7u9/;00:27
ã€æš—å·:ç³ã€‘ã€å½’é¾™æ½®ã€‘ç™»å½•ç•Œé¢åŠ¨ç”»å±•ç¤º;æˆ‘å€‘éƒ½çˆ±å“ˆæ¢…å°”;Â· 3-30;283;https://www.bilibili.com/video/BV1eh41137fp/;00:21
é¾™å½’æœï¼Œç›¸å†Œé‡Œé¢çš„æœ‰è¶£äº‹æƒ…;å¤§æ±Ÿæ¸¸æˆå›;Â· 11-25;75;https://www.bilibili.com/video/BV1gu4y157bp/;00:17
ã€å½’é¾™æ½®xè¯´ä¹¦äººã€‘ç¬¬ä¸€å›ï¼šçƒ›å¤©å¸ˆæ™ºæ–—é¾™åŸŸæœºå…µï¼Œå…‰å¤ªå°‰è¯¯èµ°èœƒæ¥¼å°é“;é»‘è‰²ä¹‹ç„°;Â· 6-17;4ä¸‡;https://www.bilibili.com/video/BV16u411h7HP/;01:34
ç‹æœ1982,æœ±æ—­BooBoo å½’é¾™æ½® ä¼´å¥ beat é«˜å“è´¨å¸¦å’Œå£°;æˆ‘çš„ç­¾åä½ å¾—çœ‹çœ‹;Â· 8-11;35;https://www.bilibili.com/video/BV1Pu411H7Am/;02:06
å¤šæ¬¾æ¸¸æˆåœæ­¢å¼€å‘ï¼ŒäºŒæ¬¡å…ƒæ‰‹æ¸¸çœŸçš„è¿™ä¹ˆå·å—ï¼Ÿ;æ¡å­¦ç½—;Â· 10-1;22ä¸‡;https://www.bilibili.com/video/BV1cF41127kV/;26:47
æ¼«å±•ç°åœºå”¢å‘ä¸è¨å…‹æ–¯æ¼”ç»The spectre#the spectre#æ¼«å±•#æ¸¸æˆå±•#;å”¢å‘753;Â· 7-22;328;https://www.bilibili.com/video/BV1xk4y1571J/;00:30
ã€æ…•æ–¯é¥¼å¹²ã€‘è§†é¢‘å·²æ‰“åŒ…ï¼Œæ¬¢è¿å›´è§‚ï¼;æ…•æ–¯é¥¼å¹²;Â· 11-25;104;https://www.bilibili.com/video/BV1rQ4y147mZ/;00:12
ä¸­å›½äººä¸éª—ä¸­å›½äººï¼è¿™æ¸¸æˆé¦–æµ‹çˆ†ç‚¸ï¼æœªæ¥å¯æœŸï¼;ç„¦è€³ä¸¶;Â· 3-31;2.9ä¸‡;https://www.bilibili.com/video/BV1Fs4y1U7RN/;03:45
[bw]å¤§å…ƒæŠ±é±¼ç™½ï¼Œé±¼ç™½è¢«åæ€ï¼Œå…‹æ‹‰æ‹‰å³è§†æ„Ÿ;ç§˜è´¨çƒ§é¸¡;Â· 7-25;5.8ä¸‡;https://www.bilibili.com/video/BV1ah4y1y7Cv/;00:51
ç‹æœ1982 æœ±æ—­BooBoo é¾™æ½®å”±ç‰‡ å½’é¾™æ½® åŸç‰ˆå’Œå£°ä¼´å¥ å¯é€‰æ— å’Œå£°ç‰ˆçº¯ä¼´å¥;ç”Ÿå‘½æ ‘éŸ³ä¹å·¥ä½œå®¤;Â· 8-2;37;https://www.bilibili.com/video/BV1mV4y1v7P7/;03:01
å½’é¾™â€œæ½®â€;å˜¿å˜¿åºŸè¯;Â· 11-11;250;https://www.bilibili.com/video/BV14w411W76k/;00:37
ã€å½’é¾™æ½®ã€‘å›½æ½®æ‰‹æ¸¸å¼€å¯ç«çˆ†é¢„çº¦ä¸­ï¼;è¯å˜Ÿ;Â· 11-3;90;https://www.bilibili.com/video/BV1Ku4y1a7Fz/;00:36
ã€æ…•æ–¯é¥¼å¹²ã€‘æ›´æ–°å•¦ï¼Œèµ¶ç´§æ¥å›´è§‚å§ï¼;æ…•æ–¯é¥¼å¹²;Â· 11-23;5;https://www.bilibili.com/video/BV1Az4y1w7gc/;00:11
ã€Šå½’é¾™æ½®ã€‹ä¹é¾æ–°æ˜¥ä¼š | æ¥è‡ªã€Œä¸ƒå¼¦åŒºã€çƒ›çš„æ–°æ˜¥ç¥ç¦;å½’é¾™æ½®;Â· 1-27;7.4ä¸‡;https://www.bilibili.com/video/BV1oM411t79v/;00:46
æš—å·ç³å®æœºè¯•ç©ï¼;é›¨å¿±ã¸;Â· 3-31;378;https://www.bilibili.com/video/BV1wN411N7oM/;19:27
å½’é¾™æ½®-ã€çƒ¦äººçš„æ‘æ°‘æ··å‰ªã€‘;å°‘å°˜é—²éŸµ;Â· 8-14;352;https://www.bilibili.com/video/BV1v14y1q7pU/;03:04
@å½’é¾™æ½® ç‹‚é£å¤§èƒŒå…‰;çƒ›å®-è¯·èµäºˆæˆ‘åŠ›é‡;Â· 6-1;123;https://www.bilibili.com/video/BV1qo4y1M7Gd/;00:19
é¾šä¿Šæ­¦ä¾ å‰§å®‰æ’ä¸Šè¡Œä¸è¡Œï¼ï¼ï¼ï½œè€å­å¼€å¤©åˆè¾Ÿåœ° æ“ä½œç™¾æ— ç¦å¿Œ;Stellaruniverse;Â· 8-19;1906;https://www.bilibili.com/video/BV1A94y1r7TV/;01:05
ä¼˜é›…ï¼æ–°æ½®å›½é£åŠ¨ä½œæ‰‹æ¸¸ï¼ŒçœŸçš„å‡ºä¹é¢„æ–™ï¼ã€æš—å·ç³ã€‘;å¥¹è„šè¸é“¶é“ƒå“äº†;Â· 4-5;10.8ä¸‡;https://www.bilibili.com/video/BV1Cj411w76T/;01:38
ã€å½’é¾™æ½®ã€‘ç³–å°é‚ª BW2023 Vlogâ˜†;ç³–å°é‚ªè¿˜æ˜¯ä½ å°çˆ·;Â· 7-28;8646;https://www.bilibili.com/video/BV1yp4y157U4/;02:12
å½’é¾™æ½®;æ­¦æœ¯èŸ¹åºµ;Â· 7-21;115;https://www.bilibili.com/video/BV1CV4y147A3/;00:13
æŠ¥å‘Šï¼BWå‘ç°ä¸€ä¸ªè¶…çº§å¥½çœ‹çš„é•¿å‘½é”ï¼â¤ï¸â¤ï¸â¤ï¸ã€å¤å¥‡æ‹‰ovoã€‘;DREAMè½©ç‚;Â· 7-21;2170;https://www.bilibili.com/video/BV12P411673M/;00:26
ã€é•¿å‘½é”ã€‘å½’é¾™æ½®/æš—å·ç³ï½œé•¿å‘½é”ï½œâ€œå…¸å¿ƒâ€;ä¼Šç”¸å›­å‡ºé€ƒAlice;Â· 6-8;197;https://www.bilibili.com/video/BV18k4y1p7SS/;03:20
å½’é¾™æ½®&ç€é­”;é£é¾™åœ¨å¤©å½’é¾™æ½®;Â· 11-21;18;https://www.bilibili.com/video/BV1ec41167q4/;02:02
;;;;https://www.bilibili.com/video/BV1B84y1g7cT/;
;;;;https://www.bilibili.com/video/BV1nP411q7G4/;
;;;;https://www.bilibili.com/video/BV1uc41157V3/;
;;;;https://www.bilibili.com/video/BV1fu4y1w7Vh/;
;;;;https://www.bilibili.com/video/BV1Lh4y1a7sq/;
;;;;https://www.bilibili.com/video/BV14k4y1G7TH/;
æš—å·ç³è¡—åŒº;é›¨å¿±ã¸;Â· 3-31;152;https://www.bilibili.com/video/BV1B84y1g7cT/;00:29
ã€å½’é¾™æ½®ã€‘é‡‘é¾™é£å¤©æ¸¸å››æµ·ï¼é”µé”µé”µé”µ ï¼ˆé¢ èµ·æ¥ï¼‰;é‡‘é£é¾™Kiya;Â· 6-19;1.4ä¸‡;https://www.bilibili.com/video/BV1nP411q7G4/;03:04
ã€æš—å·ç³é¦–æµ‹ã€‘è¯•æ˜ æµ‹è¯•è¯•ç©ï¼ˆå¸¦å‰§æƒ…ï¼‰ã€å½’é¾™æ½®ã€‘;æ‰“å¡æŠ½å¥–åŒºUP;Â· 3-31;1075;https://www.bilibili.com/video/BV1uc41157V3/;51:46
ã€æ…•æ–¯é¥¼å¹²ã€‘æ–°ä½œä¸Šçº¿ï¼Œå¿«æ¥çœ‹çœ‹ï¼;æ…•æ–¯é¥¼å¹²;Â· 11-23;5;https://www.bilibili.com/video/BV1fu4y1w7Vh/;00:08
åˆ†äº«ä¸€ä¸‹ä¸€æµ‹æ—¶çš„å°BUGï¼Œç¡®å®å®‰å…¨;ä¸å‘¨å±±446;Â· 9-20;158;https://www.bilibili.com/video/BV1Lh4y1a7sq/;00:42
bw23 day3 å½’é¾™æ½®ä¸»é¢˜æ›²è¡¨æ¼”Â·å…¨æŸéŸ³è´¨ç‰ˆ;æ²éœ–å¨_rye;Â· 7-24;191;https://www.bilibili.com/video/BV14k4y1G7TH/;00:46
can u kissme more;bili_393769365;Â· 7-26;2.2ä¸‡;https://www.bilibili.com/video/BV1EX4y1E7c9/;00:09
æˆ‘æ°¸è¿œå¿˜ä¸äº†bwé‚£å¤©äººæœ‰å¤šå°‘ï¼ˆä»€ä¹ˆå«å¯¸æ­¥éš¾è¡Œå•Šï¼Œæˆ˜æœ¯åä»°ï¼‰;ä¼¼æ™¨è‹¥æ›¦;Â· 8-11;321;https://www.bilibili.com/video/BV1D94y1r7Dm/;00:50
ã€Šå½’é¾™æ½®ã€‹ä¹é¾æ–°æ˜¥ä¼š | æ¥è‡ªã€Œå‹¿ç¦»åŒºã€å°†ç¦»çš„æ–°æ˜¥ç¥ç¦;å½’é¾™æ½®;Â· 1-24;16ä¸‡;https://www.bilibili.com/video/BV1Hy4y1d7pr/;01:14
#å½’é¾™æ½® #å›½æ½®é£ #æ‰‹æœ‰ æ­£æ‰€è°“å”¢å‘ä¸€å“ï¼Œé»„é‡‘ä¸‡ä¸¤~;æŒ‡å°–ä¸Šçš„-æœˆå…‰;Â· 11-23;79;https://www.bilibili.com/video/BV1734y1w7ph/;00:49
å†·é…·å§å§ï¼;è§£ä¸å¼€çš„å¿ƒåŠ«;Â· 11-21;6;https://www.bilibili.com/video/BV1cC4y1P7YJ/;00:13
å›½é£ç‰ˆèµ›åšæœ‹å…‹ï¼Œæ¨ªå±æ ¼æ–—æ‰‹æ¸¸#å½’é¾™æ½®#æ‰‹æ¸¸#æ¨ªå±æ ¼æ–—æ‰‹æ¸¸;å¤§æ±Ÿæ¸¸æˆå›;Â· 11-21;117;https://www.bilibili.com/video/BV1iG411U7c8/;01:40
æˆ‘æ‰¿è®¤æˆ‘æ¥BWå°±æ˜¯ä¸ºäº†äº²ç¾å¥³ï¼;å¤å¥‡æ‹‰ovo;Â· 7-21;35.3ä¸‡;https://www.bilibili.com/video/BV1tV4y1t794/;00:26
ã€TABSç‹æœ/å½’é¾™æ½®ã€‘ï¼šå¥‡æœ¯å¥¥ä¹‰å‡ºçªç›¸é€¢å°±æ‹”åˆ€;æˆ‘çœŸæ˜¯çº¯æ´å‘¢;Â· 6-18;333;https://www.bilibili.com/video/BV1h14y1m7yQ/;01:37
å½’é¾™æ½®å¤ªä¼šäº†å§;æ…•æ–¯é¥¼å¹²;Â· 11-25;9;https://www.bilibili.com/video/BV1h94y1J72T/;00:17
æ²¡æœ‰äººä¼šæ‹’ç»ä¸€ä¸ªèƒ½æ‰“æ‰‹æªçš„å¤§å§å§ï½;ä¸€åªæ‰‹è°ˆå§¬;Â· 4-14;2.4ä¸‡;https://www.bilibili.com/video/BV1Wm4y1m71C/;03:57
æœ‰è¿™ä¹ˆå¸…çš„è€å…¬ï¼Œä½ ç¡®å®šä¸ç©;æˆšå®´8356;Â· 12å°æ—¶å‰;5;https://www.bilibili.com/video/BV1FH4y117DS/;00:13
ã€é•¿ä¹…æ¸¸æˆã€‘ç¬¬ä¸€æ”¯è§†é¢‘æ±‚ä¸‰è¿ï¼;é•¿ä¹…æ¸¸æˆ;Â· 11-25;219;https://www.bilibili.com/video/BV1dC4y117DW/;01:06
å¡”é˜²çš„ikunæ³ªæ´’bwå½’é¾™æ½®;çƒ·åŸºå…«æ°®00;Â· 7-25;282;https://www.bilibili.com/video/BV1hh4y127Kg/;00:16
å½’é¾™æ½®Ã—æˆé¾™å†é™©è®°;çŒ©è¯šDXX;Â· 6-24;3941;https://www.bilibili.com/video/BV1nV4y127kS/;00:51
å¼º ä¸­ è‡ª æœ‰ å¼º ä¸­ æ‰‹ ï¼;å–µä¸èŒ¶;Â· 6-19;26.2ä¸‡;https://www.bilibili.com/video/BV13c411g7RC/;01:48
å‘›ï¼å‘›ï¼å‘›ï¼å‘›ï¼;çº¢å¡”å±±çš„å‘³é“;Â· 7-17;1058;https://www.bilibili.com/video/BV1Hk4y157eM/;00:47
ã€Šå½’é¾™æ½®ã€‹ä¸œæ–¹ç¾å­¦ï¼Œå›½æ½®å›½é£æ‰‹æ¸¸ã€‚;è¯å˜Ÿ;Â· 11-5;99;https://www.bilibili.com/video/BV1WG41197kT/;01:54
ã€Šå½’é¾™æ½®ã€‹è¯•æ˜ æµ‹è¯•å›æ”¾ | è§‚å½±ç»“æŸï¼Œä¸è¦å¿˜è®°äº”æ˜Ÿå¥½è¯„å“Ÿ~;å½’é¾™æ½®;Â· 4-8;112.8ä¸‡;https://www.bilibili.com/video/BV1Ts4y1K7yu/;01:57
åœ¨bwé‡åˆ°äº†å¥½å¤šupä¸»å•Šå•Šå•Šå•Šï¼ï¼;å¤å¥‡æ‹‰ovo;Â· 7-23;24.2ä¸‡;https://www.bilibili.com/video/BV1jz4y1x741/;03:47
ã€çœ¼ç›è¦é¸Ÿé¸Ÿäº†ã€‘ç¬¬ä¸€æ”¯è§†é¢‘æ±‚ä¸‰è¿ï¼;çœ¼ç›è¦é¸Ÿé¸Ÿäº†;Â· 11-24;84;https://www.bilibili.com/video/BV1AC4y127qm/;00:23
å½’é¾™æ½®ç°åœºèˆé¾™ç‰‡æ®µ ä½ æ¸¸çœŸæ˜¯ä¸€è‚¡æ¸…æ½®;å·´æ ¼HerbertBagge;Â· 7-21;828;https://www.bilibili.com/video/BV1qx4y1d7XD/;00:29
@;æ²ˆåˆ˜æµ©;Â· 7-23;79;https://www.bilibili.com/video/BV1Rh4y1L7Zp/;00:13
ã€å½’é¾™æ½®â€”å¶å‹¤èªã€‘æˆ‘ä¼šæ°¸è¿œå¥”å‘ä½ ï¼Œä¸Šæ¬¡ï¼Œè¿™æ¬¡ï¼Œæ¯æ¬¡;å¯èƒ½æ˜¯NN;Â· 8-1;312;https://www.bilibili.com/video/BV1mm4y1x7Pk/;00:10
ä¸æ˜¯ï¼Ÿç°åœ¨å±…ç„¶æœ‰è¿™ä¹ˆçº¯æ­£å›½é£çš„æ¸¸æˆå˜›?è¿˜æœ‰æ–¹è¨€å‘¢ï¼Ÿ;ä¸–ç¾½å–µå–µ;Â· 11-6;164;https://www.bilibili.com/video/BV1sQ4y1n7Ts/;01:43
æ¼« å±• æµ‹ é‡ çŒ¿;é‡ç”Ÿé±¼ç™½;Â· 7-24;144.7ä¸‡;https://www.bilibili.com/video/BV1uW4y1o7YB/;03:40
ã€å½’é¾™æ½®ã€‘å›½æ½®æ‰‹æ¸¸;è¯å˜Ÿ;Â· 11-4;15;https://www.bilibili.com/video/BV18N411G7fz/;00:23
ä½ æ”¹åå­—æˆ‘å°±ä¸è®¤è¯†ä½ äº†å—ï¼Ÿã€Šå½’é¾™æ½®ã€‹å¼•é¢†å›½é£æ‰‹æ¸¸;æ¸¸æˆå“é‰´å®¤;Â· 10-12;244;https://www.bilibili.com/video/BV1V34y1G7iG/;01:46
#å½’é¾™æ½® è‹±é›„ç¯‡-çƒ›;æŒ‡å°–ä¸Šçš„-æœˆå…‰;Â· 11-24;81;https://www.bilibili.com/video/BV1Cb4y1u756/;00:32
åº”è¯¥ä¸æ­¢æˆ‘è¢«å¥¹è¿·ä½äº†å§ï¼Ÿ;å°å¶æ¸¸æˆå‘€;Â· 11-23;93;https://www.bilibili.com/video/BV1re411f7PR/;00:14
é¾™ ç‹ å½’ æ¥ï¼ˆå…¨ é›†ï¼‰;æ—ºæ—ºçŸ­å‰§;Â· 11-23;194;https://www.bilibili.com/video/BV1SQ4y1b7kr/;27:52
;;;;https://www.bilibili.com/video/BV1ju41137Ei/;
;;;;https://www.bilibili.com/video/BV1dP41147yv/;
;;;;https://www.bilibili.com/video/BV1JX4y1n7gT/;
;;;;https://www.bilibili.com/video/BV1QN4y1S7sB/;
;;;;https://www.bilibili.com/video/BV1wa4y1S75C/;
;;;;https://www.bilibili.com/video/BV1AF411o75g/;
ã€å½’é¾™æ½®ã€‘æœç²’æ©™(glc)è´´è´´;ä¹ä¸ç¼ºä¸€;Â· 9-24;40;https://www.bilibili.com/video/BV1ju41137Ei/;07:15
å¼€ç®±ï¼å½’é¾™æ½®BWå‘¨è¾¹ï¼;æ®‹_çš„å¿ƒ;Â· 8-5;137;https://www.bilibili.com/video/BV1dP41147yv/;01:08
#å½’é¾™æ½®;DeDesixi;Â· 7-23;131;https://www.bilibili.com/video/BV1JX4y1n7gT/;00:13
ã€Šå½’é¾™æ½®ã€‹æ‰‹æ¸¸;è¯å˜Ÿ;Â· 11-6;87;https://www.bilibili.com/video/BV1QN4y1S7sB/;00:26
å›½æ½®äºŒæ¸¸æ–°ä½œï¼å½’é¾™æ½®;è§£ä¸å¼€çš„å¿ƒåŠ«;Â· 11-20;17;https://www.bilibili.com/video/BV1wa4y1S75C/;00:12
å°†ç¦»æ™®é€šè¯é…éŸ³;èµ¤åç¾¹;Â· 6-28;902;https://www.bilibili.com/video/BV1AF411o75g/;01:14
å½’é¾™æ½®;æ¥šæ˜å¤©;Â· 7-22;109;https://www.bilibili.com/video/BV1pN411e79F/;00:13
çœ‹å®Œæœ‰æ²¡æœ‰ä¸€ç§æƒ³åŠ å…¥è¿™ä¸ªé»‘å¸®çš„å†²åŠ¨;å°å¶æ¸¸æˆå‘€;Â· 11-21;108;https://www.bilibili.com/video/BV1V34y1w73K/;00:16
å½’é¾™æ½®é†‰ç¬™;ç­‰äº‘éŸµä¸‰å¹´;Â· 11-24;119;https://www.bilibili.com/video/BV1fC4y117vb/;00:25
ã€ç»ˆææµ·è™MADã€‘â€œé¾™å½’æ²§æµ·ï¼Œè™å½’æ—å°â€;å°æ²³ç»œè´¨å‘˜;Â· 8-4;5674;https://www.bilibili.com/video/BV1nm4y1W7Ku/;00:57
ã€Šå½’é¾™æ½®ã€‹PV Ã—ä¹±å‰ªÃ—;æ²¡ç©ºå£å¯å£å¯;Â· 7-19;203;https://www.bilibili.com/video/BV1hV411K78c/;02:06
ä¹±å‰ªçš„ï¼Œåˆ«éª‚æˆ‘ï¼Œä¸ç„¶æˆ‘ä¼šç ´é˜²;èŠ¥å·éªå¤ªéƒ;Â· 6-25;219;https://www.bilibili.com/video/BV1fo4y1P7Tz/;00:46
ã€bwã€‘æµ…é…ŒåŒé†‰ï¼Œä»Šå¤œç¬™æ­Œ;é€_å•Š;Â· 7-24;1059;https://www.bilibili.com/video/BV1Bk4y1G7tF/;00:13
bwç­‰ä½ å“¦ï½å¯¼æ¼”;é€_å•Š;Â· 7-21;960;https://www.bilibili.com/video/BV1a14y1Q71P/;00:07
è¿™ä¸€å®šæ˜¯ä½ è§è¿‡çš„æœ€å¼ºæ‰‹æ¸¸åœºæ™¯ï¼;å°å¶æ¸¸æˆå‘€;Â· 11-23;111;https://www.bilibili.com/video/BV1NC4y127fj/;00:12
åˆå¸…åˆæ½®ï¼æ‰“åˆ°è¡€è„‰å¾å¼ çš„bossæˆ˜ï¼Œæå…·ç‰¹è‰²çš„æ–°æ¸¸æš—å·ç³;è°ä¸é‡è¦i;Â· 4-16;41.9ä¸‡;https://www.bilibili.com/video/BV1SP411U7pu/;11:30
å½’é¾™æ½®ç°åœº;å¶è½è¯­ä¸è¨€;Â· 7-22;244;https://www.bilibili.com/video/BV1u8411m7Wn/;00:48
@å½’é¾™æ½®;åˆºè€³çš„æ­Œå£°;Â· 7-22;107;https://www.bilibili.com/video/BV1oP41167i6/;00:13
ã€MAD 24ã€‘æ¸¸ é¾™ å½’ æµ·;ç”·å­æ±‰é˜¿æ³½;Â· 2020-6-14;6673;https://www.bilibili.com/video/BV1Ek4y1z71q/;03:08
ã€Šå½’é¾™æ½®ã€‹;è¯å˜Ÿ;Â· 11-7;86;https://www.bilibili.com/video/BV1MN4y1D7zb/;00:19
ã€å®æœºæ¼”ç¤ºã€‘ã€Šå½’é¾™æ½®ã€‹ã€Œè¯•æ˜ ã€ä¼šç²¾åå›é¡¾;å½’é¾™æ½®;Â· 1-6;26.2ä¸‡;https://www.bilibili.com/video/BV1Kd4y1E7f1/;42:37
é¾™ ç‹ å½’ æ¥;kano_sukidesu;Â· 2020-7-25;4393;https://www.bilibili.com/video/BV1Lk4y1m7TJ/;06:03
ã€Šå½’é¾™æ½®ã€‹ç»ˆäºè¦ä¸Šçº¿äº†ï¼Œè¿™ç”»é£å®åœ¨æ˜¯å¤ªçˆ±äº†ï¼;åˆ»è‹¦çš„é“­æ¬£OwO;Â· 11-8;154;https://www.bilibili.com/video/BV1P84y1X772/;01:03
å½’é¾™æ½®;bili_70988236881;Â· 7-21;114;https://www.bilibili.com/video/BV1NP411r7KR/;00:13
ã€å½’é¾™æ½®ã€‘å›½æ½®æ‰‹æ¸¸å¼€å¯ç«çˆ†é¢„çº¦ä¸­ï¼;è¯å˜Ÿ;Â· 11-4;65;https://www.bilibili.com/video/BV1wc411o7Bw/;00:24
ã€å¾µç¾½æ‘©æŸ¯ã€‘å½’é¾™é“­ã€1210æ‘©æŸ¯ç”Ÿè´ºã€‘;ç™½ç³–ã®æ­£ä¹‰é“ƒ;Â· 2018-12-10;1268;https://www.bilibili.com/video/BV1st411q74C/;03:28
æˆ‘é•¿å§å¯¹ä½ ä¸€ç¬‘é‚£ä½ æ˜¯ç”Ÿæ­»éš¾æ–™;å°å¶æ¸¸æˆå‘€;Â· 11-24;45;https://www.bilibili.com/video/BV1kC4y1P7JJ/;00:10
è¯´ ä½ ä¼šæ°¸è¿œçˆ±å§å§;bili_393769365;Â· 7-24;1.7ä¸‡;https://www.bilibili.com/video/BV1jx4y1977a/;00:09
äºŒæ¸¸å†³æˆ˜å¼€å§‹ï¼ç»åŒºé›¶ï¼Œå°‘å‰2ï¼Œèµ›é©¬å¨˜ï¼Œ2023è°ç§°ç‹ï¼ï¼Ÿã€äºŒæ¬¡å…ƒæ‰‹æ¸¸å†³èµ›åœˆã€‘;ä½•å¿…Hebee;Â· 8-18;27.4ä¸‡;https://www.bilibili.com/video/BV1fr4y1d72A/;06:31
å½’é¾™æ½®;å®‡å®™ã®æ±;Â· 7-22;41;https://www.bilibili.com/video/BV1kh4y1L7uu/;00:13
è‰¾ç‰¹ä½ çš„å…„å¼Ÿï¼Œè®©ä»–æ¥ç©å½’é¾™æ½®;è§£ä¸å¼€çš„å¿ƒåŠ«;Â· 11-22;163;https://www.bilibili.com/video/BV1KH4y127Pg/;00:13
æ˜Ÿé“ã€æ˜æ—¥æ–¹èˆŸã€å½’é¾™æ½®ä¸‰ä¸ªå¦¹å­ä½ é€‰å“ªä¸ªåšè€å©†ï¼Ÿ;å°å¶æ¸¸æˆå‘€;Â· 11-25;12;https://www.bilibili.com/video/BV1kb4y1u7NZ/;00:10
ã€Šå½’é¾™æ½®ã€‹å‰§ç»„è·¯é€01 | ç›´å‡»é¦–æµ‹ï¼Œç­–åˆ’æ·±åº¦è®¿è°ˆï¼;å½’é¾™æ½®;Â· 4-22;5.6ä¸‡;https://www.bilibili.com/video/BV1Bh411j7UZ/;10:13
å½’é¾™æ½®;l-æ‡’æƒ°-l;Â· 7-22;40;https://www.bilibili.com/video/BV1CX4y1J7wT/;00:07
è¿™æ¼«å±•æ²³é‡Œå—â€¼ï¸ã€BW2023ã€‘vlog;væ±å°è±¹V;Â· 7-22;1.1ä¸‡;https://www.bilibili.com/video/BV1Sh4y1V7EC/;02:57
ã€æš—å·ç³ã€‘é¦–æµ‹ï¼Œç­–åˆ’ç›´æ’­æ€’æ–¥ç¨‹åºä¼˜åŒ–å’Œé˜´é—´å…³å¡ï¼;ä¼¸æ‰‹å®…;Â· 4-3;3.1ä¸‡;https://www.bilibili.com/video/BV1Sk4y1i7Rb/;06:43
;;;;https://www.bilibili.com/video/BV1394y1v7fA/;
;;;;https://www.bilibili.com/video/BV1wa4y1D7qK/;
;;;;https://www.bilibili.com/video/BV1rX4y1b74V/;
;;;;https://www.bilibili.com/video/BV1Bs4y1U7uP/;
;;;;https://www.bilibili.com/video/BV1q24y157BV/;
;;;;https://www.bilibili.com/video/BV1sc411R79P/;
BWæ¼«å±•æ°´å¾ˆæ·± æˆ‘æŠŠæ¡ä¸ä½;è½ä¹å·;Â· 7-25;275.1ä¸‡;https://www.bilibili.com/video/BV1394y1v7fA/;03:23
å½’é¾™æ½®é•¿å‘½é”;é£é¾™åœ¨å¤©å½’é¾™æ½®;Â· 11-13;89;https://www.bilibili.com/video/BV1wa4y1D7qK/;00:20
æš—å·ç³æ­£å¼æ›´åâ€œå½’é¾™æ½®â€ï¼ä¸åªå›½é£æ½®é…·ï¼Œç©æ³•ä¸€æ ·å¾ˆç»ï¼çŸ›ç›¾ä¸å†²çªå¹¶å­˜ã€ååˆ†ç”šè‡³ä¹åˆ†ä»¤äººæœŸå¾…çš„æ–°æ¸¸ã€Šã€‹ï¼;å¤œæ³½å›pro;Â· 6-17;16.4ä¸‡;https://www.bilibili.com/video/BV1rX4y1b74V/;03:51
ã€æš—å·ç³/å½’é¾™æ½®ã€‘é€€æ¸¸äº† å¸¦å¤§å®¶çœ‹çœ‹é¬¼å¸‚å§;çæƒœå“Ÿ;Â· 4-3;1.8ä¸‡;https://www.bilibili.com/video/BV1Bs4y1U7uP/;01:59
å½’é¾™åœ¨æ¸Šâ€”â€”â€”æ·±è—åœ¨æš—å½±æ·±æ¸Šé‡Œçš„æ¢¦é­‡ï¼Œæ©åŸ‹åœ¨æ— åº•ç¼éš™é‡Œçš„æ˜§ç«ã€‚#åªç‹¼#TGA #ç¬¬ä¹è‰ºæœ¯ #steamæ¸¸æˆ#åªç‹¼çš®è‚¤æŒ‘æˆ˜èµ›;æ‹æ·šåˆ†äº«å·;Â· 4-5;219;https://www.bilibili.com/video/BV1q24y157BV/;04:11
ã€é¾™éª‘å£«ç‹å…¬å­ã€‘æœ€æ–°è§†é¢‘ä¸Šçº¿ï¼Œæ±‚å…³æ³¨ï¼;é¾™éª‘å£«ç‹å…¬å­;Â· 11-8;132;https://www.bilibili.com/video/BV1sc411R79P/;00:16
ã€Šå½’é¾™æ½®ã€‹ä¹é¾æ–°æ˜¥ä¼š | æ¥è‡ªã€Œç‹®å­åŒºã€å°˜åš£çš„æ–°æ˜¥ç¥ç¦;å½’é¾™æ½®;Â· 1-22;10ä¸‡;https://www.bilibili.com/video/BV1J84y1j7N3/;00:52
ã€SKYå…‰é‡ã€‘æœ€åé¾™éª¨ï¼ˆé¾™ ç‹ å½’ ä½ï¼‰â€”ã€ŠBad Guyã€‹;å¤±æ§kill;Â· 2020-9-11;7.7ä¸‡;https://www.bilibili.com/video/BV1Dt4y1i7W3/;01:42
ã€æ‰‹æ¸¸æµ‹è¯•è¯•ç©ã€‘ã€Šå½’é¾™æ½®ã€‹ä¹é¾™åŸæš—æµæ¶ŒåŠ¨ï¼Œä»¥æ‹ç‰‡ä¸ºå¹Œå­æœé›†çº¿ç´¢ï¼Œå‘æ˜åŸ‹è—çš„çœŸç›¸;ç™½ç‹è¯—éŸµ;Â· 4-1;316;https://www.bilibili.com/video/BV1ah41137Mm/;35:38
å½’é¾™æ½®;ç¦»ç¦»è°ˆç´ä¸è°ˆæƒ…;Â· 7-21;24;https://www.bilibili.com/video/BV1vW4y1d7Ya/;00:06
æœ‰æ²¡æœ‰éå¸¸å¿ƒåŠ¨çš„æ„Ÿè§‰ï¼Ÿ;å°å¶æ¸¸æˆå‘€;Â· 11-22;4;https://www.bilibili.com/video/BV1vw411p7ms/;00:09
@å½’é¾™æ½®;é„™äººå°èœç“œ;Â· 7-22;160;https://www.bilibili.com/video/BV1sh4y127gF/;00:13
å½’é¾™æ½®-è€å­å¼€å¤©åˆè¾Ÿåœ°ï¼Œæ“ä½œç™¾æ— ç¦å¿Œ;æœªæ›¾çœ‹è¿‡è‰¯è¾°ç¾æ™¯;Â· 8-24;300;https://www.bilibili.com/video/BV14G411Z7Gm/;02:57
ã€bw2023ã€‘å½’é¾™æ½®;æ¨±æ»¡é€šè¡Œ;Â· 7-23;1130;https://www.bilibili.com/video/BV1bz4y1t72Y/;00:19
å½’é¾™æ½®ï¼Œå¼€å¯ç¬¬äºŒæ¬¡å…¬æµ‹ä¸­;è¯å˜Ÿ;Â· 11-15;39;https://www.bilibili.com/video/BV1q94y1n7v1/;00:09
ã€bw2023ã€‘è°ä¸å–œæ¬¢ç™½æ¯›å¥¶ç‹—å•Šï¼ã€å½’é¾™æ½®æ‹‚äº‘cosã€‘;å¡è¥¿casi;Â· 7-26;1965;https://www.bilibili.com/video/BV1K94y1i77m/;00:20
è¶…å¤šäºŒæ¬¡å…ƒæ¸¸æˆæ¥è¢­ï¼Œæ¥ä¸‹æ¥è¿˜æœ‰å“ªäº›äºŒæ¬¡å…ƒæ¸¸æˆå‘¢ï¼Ÿï¼ˆä¸­ï¼‰;æ¢æ¸¸å®¢;Â· 10-6;152;https://www.bilibili.com/video/BV14j41147pn/;07:32
ã€å›½é£ã€‘ç¬”æ¶‚ä¸¤æ¡å¯çˆ±çš„å°é¾™â€¦;ä¸å½’å®¶çš„å®…ç”·;Â· 2022-12-3;235;https://www.bilibili.com/video/BV1H84y167Fb/;01:21
ä¸ä¼šåªæœ‰ä½ æ²¡ä¹°åˆ°BW2023çš„é—¨ç¥¨å§ï¼Œçœ‹çœ‹è¿™ä¸ªè§†é¢‘å¼¥è¡¥ä¸€ä¸‹é—æ†¾ï¼Ÿ;é€—æ¯”çƒ½ç«233;Â· 7-25;9644;https://www.bilibili.com/video/BV1E14y1X7fP/;08:40
å½’é¾™æ½®ç–‘ä¼¼æŠ„è¢­é¸£æ½®æ–°è§’è‰²ï¼Ÿè„¸éƒ½ä¸è¦äº†ï¼;ä¸½èŠ™ä¸æƒ³ç¡å¤§è¡—;Â· 9-20;1ä¸‡;https://www.bilibili.com/video/BV1np4y1P7dT/;00:18
å¤šå¤šæ”¯æŒå½’é¾™æ½®;è§£ä¸å¼€çš„å¿ƒåŠ«;Â· 11-23;156;https://www.bilibili.com/video/BV1eC4y1P7Zc/;00:15
åœ¨ç†™ç†™æ”˜æ”˜çš„äººç¾¤ä¸­,æˆ‘ä»¬ç›¸é‡äº†;æ˜¥æ—¥å…¥ä¾µè®¡åˆ’;Â· 7-24;224;https://www.bilibili.com/video/BV1Fh4y1y75k/;00:13
é¾™ ç‹ å½’ æ¥;Goec_may_10;Â· 2020-8-17;650;https://www.bilibili.com/video/BV1Bp4y1v7Zy/;01:05
ã€HB to èœç‹—ã€‘ã€D-Lin feat.å²¸æ™“ã€‘å½’é¾™é“­ã€Synthesizer V Coverã€‘;å‡Œé¾™å¤©å®‡;Â· 10-19;1126;https://www.bilibili.com/video/BV1hp4y1u7e3/;03:25
ä¸æ­¢å¤§å’Œæ¶©ï¼Œè¿˜å¾ˆå¿«ä¹ï¼Ÿæš—å·ç³é¦–æµ‹å·²éœ²çˆ†æ¬¾æ½œè´¨;é‡æ°´æ¸¸è¨€;Â· 4-5;8.4ä¸‡;https://www.bilibili.com/video/BV1hM411T77H/;06:04
ã€ä¹æ­£é¾™ç‰™åŸåˆ›ä¸­å›½é£ç”µéŸ³ã€‘å½’é¾™é“­ã€2018ä¹æ­£é¾™ç‰™è¯ç”Ÿç¥­ã€‘;åŠ¨æ¬¡æ‰“æ¬¡çš„åŠ¨ç‚¹p;Â· 2018-10-2;16ä¸‡;https://www.bilibili.com/video/BV1yW411m7Hh/;03:27
bwå½’é¾™æ½®æ‰“å¡;æ…•æºé­‚;Â· 7-23;100;https://www.bilibili.com/video/BV1xz4y1t7Dh/;00:13
çƒ›é“é•¿æœ‰æ²¡æœ‰æŠŠä½ å¸…è¿·ç³Šï¼Ÿ;å°å¶æ¸¸æˆå‘€;Â· 15å°æ—¶å‰;4;https://www.bilibili.com/video/BV11b4y1T7nJ/;00:12
å½’é¾™æ½®;ä¸‰å›½æ€10086;Â· 7-21;40;https://www.bilibili.com/video/BV13M4y1s75E/;00:13
äººç‰©å£çº¸åˆ†äº« #å½’é¾™æ½®;é¾™éª‘å£«ç‹å…¬å­;Â· 11-16;188;https://www.bilibili.com/video/BV1KC4y1m7is/;00:11
BW2023å½’é¾™æ½®;æ¾„æ± æ˜æœˆ;Â· 7-22;218;https://www.bilibili.com/video/BV17k4y1G7YM/;00:10
ã€æš—å·ç³ã€‘ã€å½’é¾™æ½®ã€‘å¼€åœºæ•™ç¨‹;æˆ‘å€‘éƒ½çˆ±å“ˆæ¢…å°”;Â· 3-31;511;https://www.bilibili.com/video/BV1xM4y1U7gz/;18:18
åˆä¸€ä¸ªäºŒæ¬¡å…ƒèµ›é“çš„æ…å±€è€…ï¼Œè¿˜æœªäºŒæµ‹ï¼Œå°±æœ‰230ä¸‡ç©å®¶ç­‰ä¸æ€¥äº†ä¸¨é‡‘å£å¥–;æ¸¸æˆæ—¥æŠ¥å®˜æ–¹è´¦å·;Â· 10-30;645;https://www.bilibili.com/video/BV1884y1X7he/;00:56
å½’é¾™æ½®;bili_68149650832;Â· 7-21;114;https://www.bilibili.com/video/BV1Tj411R74y/;00:13
ã€æš—å·ç³ã€‘ã€å½’é¾™æ½®ã€‘åˆè§è€æ¿å¨˜;æˆ‘å€‘éƒ½çˆ±å“ˆæ¢…å°”;Â· 3-31;403;https://www.bilibili.com/video/BV1SM4y1U7ks/;00:44
ã€28å°æ—¶é”è¯„ã€‘ æš—å·ç³ æ»¡è¶³æˆ‘å¯¹å›½é£ç«‹ç»˜çš„æ‰€æœ‰æƒ³è±¡ï¼| åˆè§ç«‹ç»˜åŠæ‰“å»ºæ¨¡åœºæ™¯;BRSå°é¸Ÿæ¸¸;Â· 4-12;997;https://www.bilibili.com/video/BV1m24y1w79s/;07:32
;;;;https://www.bilibili.com/video/BV1kM411t7Ww/;
;;;;https://www.bilibili.com/video/BV1T94y167Xi/;
;;;;https://www.bilibili.com/video/BV1Py4y1P75x/;
;;;;https://www.bilibili.com/video/BV14h4y1K7i7/;
;;;;https://www.bilibili.com/video/BV1M24y1w7gY/;
;;;;https://www.bilibili.com/video/BV1BN411u7jV/;
ã€Šå½’é¾™æ½®ã€‹ä¹é¾æ–°æ˜¥ä¼š | æ¥è‡ªã€Œéœ¸ä¸‹åŒºã€ç§¦å·çš„æ–°æ˜¥ç¥ç¦;å½’é¾™æ½®;Â· 1-25;5.9ä¸‡;https://www.bilibili.com/video/BV1kM411t7Ww/;00:24
æ‰å¯¹å®æ€ï¼Œæˆ˜å†µæ¿€çƒˆï¼äºŒæ¬¡å…ƒæ‰‹æ¸¸å†³èµ›åœˆï¼Œè°èƒ½ç«™åˆ°æœ€åï¼Ÿã€é”è¯„æ–°æ¸¸/æ‰‹æ¸¸è¯„æµ‹02ã€‘;ä½è°ƒçš„å¸…çˆ·;Â· 8-26;66.4ä¸‡;https://www.bilibili.com/video/BV1T94y167Xi/;31:45
å›½æ½®å›½é£æ‰‹æ¸¸å½’é¾™æ½®ï¼Œå€¼å¾—å¤§å®¶å°è¯•å—ï¼Ÿ;ç‰¹ç‰¹å†…å·;Â· 10-21;142;https://www.bilibili.com/video/BV1Py4y1P75x/;01:17
Unityæº¶è§£æ•ˆæœç†è§£åˆ†äº«ï¼ˆ2ï¼‰ã€ShaderGraphã€‘;æ˜ŸæœŸäº”å–å†°çº¢èŒ¶;Â· 9-4;366;https://www.bilibili.com/video/BV14h4y1K7i7/;13:02
2023å¹´è°è¿˜ç©ä¼ ç»Ÿè·‘é…·ï¼Œæš—å·ç³1æµ‹çˆ†å•¸è§£è¯´;å±å­©å…ˆ;Â· 4-9;4461;https://www.bilibili.com/video/BV1M24y1w7gY/;05:35
å½’é¾™æ½®;è¯å˜Ÿ;Â· 11-17;99;https://www.bilibili.com/video/BV1BN411u7jV/;00:14
ã€Šå½’é¾™æ½®ã€‹ä¹é¾æ–°æ˜¥ä¼š | æ¥è‡ªã€Œç´é—µåŒºã€å‡›çš„æ–°æ˜¥ç¥ç¦;å½’é¾™æ½®;Â· 1-28;5.8ä¸‡;https://www.bilibili.com/video/BV1SG4y1F7kN/;00:38
ã€é¾™éª‘å£«ç‹å…¬å­ã€‘æ–°ä½œä¸Šçº¿ï¼Œå¿«æ¥çœ‹çœ‹ï¼;é¾™éª‘å£«ç‹å…¬å­;Â· 11-10;134;https://www.bilibili.com/video/BV1MC4y1E7hh/;00:17
å½’é¾™æ½®æ£’æ£’çš„;SFçƒ¨;Â· 7-23;22;https://www.bilibili.com/video/BV1mN411e7xm/;00:13
â€œå½’é¾æ‰€è‡³ï¼Œæ½®èµ·æ–°ç”Ÿâ€ #å½’é¾™æ½® #2023é¡¶çº§æ‰‹æ¸¸æ¨è #äºŒæ¬¡å…ƒ;é¾™éª‘å£«ç‹å…¬å­;Â· 11-14;219;https://www.bilibili.com/video/BV1UC4y127tU/;00:59
æ¸¸é¾™åº”å½’æµ·ï¼Œæµ·ä¸è¿æˆ‘è‡ªæ¥ä¹Ÿâ€”â€”ã€Šè‡ªæ¥ä¹Ÿè±ªæ°ç‰©è¯­ã€‹;CarpeDiem43;Â· 4-6;730;https://www.bilibili.com/video/BV1CN411A7w9/;04:58
ã€é»‘å­å½’ã€‘é¾™äºº çº¦ç¨¿;é»‘å­å½’æœ¬å½’;Â· 2022-1-13;720;https://www.bilibili.com/video/BV1NS4y177Xq/;03:56
ä½ æœ€ä¸­æ„è°å‘¢? #2023é¡¶æµæ¨è #å½’é¾™æ½® #äºŒæ¬¡å…ƒ #æ–°æ¸¸æ¨è;é¾™éª‘å£«ç‹å…¬å­;Â· 11-9;159;https://www.bilibili.com/video/BV15N411g71k/;00:14
æš—å·ç³æ›´åå½’é¾™æ½®äº†;å½’é¾™æ½®æ‰‹æ¸¸;Â· 5-27;823;https://www.bilibili.com/video/BV1xu4y1f7QN/;00:13
ã€Šå½’é¾™æ½®ã€‹ï½œCP2023SP æ‹æ‘„å·²ç»“æŸï¼Œè¯·å¯¼æ¼”æŸ¥æ”¶å½±ç‰‡ï¼;å½’é¾™æ½®;Â· 2-20;4.6ä¸‡;https://www.bilibili.com/video/BV1zM411A7Lz/;02:01
ä¸å¬è¯å½’å·¢çš„é¾™ï¼Œéœ€è¦æ¥å—å°å°çš„æƒ©ç½š;è“æ¡‰æµ…å¤;Â· 11-9;460;https://www.bilibili.com/video/BV1yu4y187G6/;00:15
å½’é¾™æ½®;Vå®¶æ‘©æŸ¯;Â· 7-22;100;https://www.bilibili.com/video/BV1SN411Y75K/;00:10
ã€Šå½’é¾™æ½®ã€‹ä¹é¾æ–°æ˜¥ä¼š | æ¥è‡ªã€Œæ‹‚å¤•åŒºã€æŸ’é‡çš„æ–°æ˜¥ç¥ç¦;å½’é¾™æ½®;Â· 1-26;9.2ä¸‡;https://www.bilibili.com/video/BV1bd4y157VF/;00:48
ã€æš—å·ç³ã€‘æ— å°½é¾™åŸ12Wåˆ†æ•™ç¨‹ï¼Œå·èµ·æ¥ï¼;ä¼¸æ‰‹å®…;Â· 4-1;914;https://www.bilibili.com/video/BV1Fh411G7LP/;08:16
â˜‚ ğ”ğ¦ğ›ğ«ğğ¥ğ¥ğš â˜‚ã€é¥®æœˆå› ä¸¹æ’ã€‘â€œä½ å¯ä»¥æ°¸è¿œç«™åœ¨æˆ‘çš„ä¼ä¸‹ï¼Œå°±åƒæ½œé¾™å½’æµ·ï¼Œæ˜Ÿéšæœˆåâ€;æŸ´ç‰¹Chishire;Â· 9-4;1947;https://www.bilibili.com/video/BV1Dm4y1N7ay/;04:49
ã€é€Ÿé€šBW#2ã€‘ç”¨åœ£å˜‰ç„¶æŠŠå˜‰ç„¶ç”·å¨˜æ•´æ— è¯­äº†â€¦â€¦;ä¹³çŠ¶äº‘å“’å“’å“’èŠ¸;Â· 7-22;389;https://www.bilibili.com/video/BV19N411e7pP/;07:34
å½’é¾™æ½®åˆšåˆ°çš„æ”¯æ¶;è·¯è¿‡çš„ç¿ç¾½;Â· 10-1;126;https://www.bilibili.com/video/BV1zV411F7eb/;00:17
ã€å€¥ä¾—-æµ¸ã€‘æ›´æ–°å•¦ï¼Œèµ¶ç´§æ¥å›´è§‚å§ï¼;å€¥ä¾—-æµ¸;Â· 7-21;70;https://www.bilibili.com/video/BV1sc411c7Dy/;00:10
ï¼ƒå½’é¾™æ½®;é†‰äººè€Œè®¸æ„¿Z;Â· 7-21;26;https://www.bilibili.com/video/BV1wz4y1t7YA/;00:13
å½’é¾™æ½®ä»€ä¹ˆæ—¶å€™ä¸Šçº¿ï¼Œå½’é¾™æ½®é¢„æµ‹å…¬æµ‹æ—¶é—´ä¸€è§ˆ;ç‰¹ç‰¹å†…å·;Â· 10-21;974;https://www.bilibili.com/video/BV1Cw411B7VE/;01:15
å¤©ç©ºå½’é¾™æ‰€æœ‰ï¼;è¾°å¤§çˆ±ç™½å«–;Â· 2022-4-26;5;https://www.bilibili.com/video/BV1er4y1b7fB/;01:14
ä¸œæ–¹å¤å¤+æ¨ªç‰ˆè·³è·ƒæœ‰æ²¡æœ‰æå¤´ï¼Ÿæš—å·ç³é¦–æµ‹ä½“éªŒæ€»ç»“;æŸæœ¨ä¸æœ½;Â· 4-16;13.1ä¸‡;https://www.bilibili.com/video/BV1g24y1c7L5/;07:05
ã€åªç‹¼ã€‘å–œæ¬¢è¿™ä¸ªæ•…äº‹å¾ˆä¹…å¾ˆä¹…äº†;Pretty_ss;Â· 9-26;99;https://www.bilibili.com/video/BV1Yu41137iP/;03:19
ã€Šå½’é¾™æ½®ã€‹ä¹é¾æ–°æ˜¥ä¼š | æ¥è‡ªã€Œç›®å´–åŒºã€å½ªå­çš„æ–°æ˜¥ç¥ç¦;å½’é¾™æ½®;Â· 1-29;5.4ä¸‡;https://www.bilibili.com/video/BV1B84y187YR/;00:30
ä¸€éƒ¨äºŒæ¬¡å…ƒæ¸¸æˆå¦‚ä½•è®©äººæ¢¦å›90å¹´é¦™æ¸¯è€ç”µå½±ï¼Ÿ;æƒ…æŠ¥å§¬;Â· 4-17;2ä¸‡;https://www.bilibili.com/video/BV1og4y1T7vn/;04:24
é•‡é­‚è¡—350å¸®æ‰‹ï¼šå°‰è¿Ÿæ­ä¸Šçº¿ï¼Œæˆ˜å›½å››å°†å½’é¾™æ–—;å°§å”å™¬å¿ƒå†³;Â· 2022-4-11;731;https://www.bilibili.com/video/BV1CL4y157DQ/;01:01
ff;æ˜¯é€æ¢¦ä»™ç”·ya;Â· 7-23;33;https://www.bilibili.com/video/BV1eX4y1n7Kq/;00:04
æ˜Ÿ å…‰ å¤ ä»‡ ä¹‹ é¾™ ç‹ å½’ æ¥;å°¹åºœçš„æ­å·;Â· 2020-10-24;8770;https://www.bilibili.com/video/BV1tt4y1i7zK/;02:36
æ›²å‰§å…°æ–‡ç¥¥ã€ŠåŒ…å…¬è¾æœã€‹ï¼ˆè®²å†œäº‹åäºŒä¸ªæœˆï¼‰ä¸‡å²çˆ·å½’é¾™ä½å®¹è‡£å¥ä¸Š;ä¸­å·æˆè‹‘;Â· 2022-5-27;1.1ä¸‡;https://www.bilibili.com/video/BV1TA4y1Z737/;11:21
ã€æ–°åäºŒç”Ÿè‚–ä¹‹å¹²å°¸å¤æ´»ã€‘ã€é¾ç¨®å½’ä¸ºã€‘;å†·é…·ï¼†æ€ç¥;Â· 2019-9-29;1.2ä¸‡;https://www.bilibili.com/video/BV1CE411R7oR/;07:31
#å½’é¾™æ½®;æ²¡ä¸‹é›¨ä¸€ç›´;Â· 7-23;43;https://www.bilibili.com/video/BV1c14y1X7wV/;00:13
;;;;https://www.bilibili.com/video/BV1kL41187ET/;
;;;;https://www.bilibili.com/video/BV1K84y1d7MD/;
;;;;https://www.bilibili.com/video/BV123411M7Xj/;
;;;;https://www.bilibili.com/video/BV1ks4y1F7ya/;
;;;;https://www.bilibili.com/video/BV1bM4y1s7aR/;
;;;;https://www.bilibili.com/video/BV1TM4y1s7gq/;
æ›²å‰§ã€ŠåŒ…å…¬è¾æœã€‹ä¸‡å²çˆ·å½’é¾™ä½å®¹è‡£å¥ä¸Šï¼Œå…°æ–‡ç¥¥æ¼”å”±;bili_63965513194;Â· 5-8;11;https://www.bilibili.com/video/BV1kL41187ET/;13:58
ã€ŠçœŸÌ·é¾™Ì·å½’Ì·ä½Ì·ã€‹å®Œæ•´ç‰ˆ;daç¾çˆ±çœ‹å‰§;Â· 10-19;99;https://www.bilibili.com/video/BV1K84y1d7MD/;01:11:42
å½’é¾™å¯¨;æ™¨å²›ä¹‹å…‰;Â· 2022-6-18;26;https://www.bilibili.com/video/BV123411M7Xj/;01:36
ã€Š å–· å­ é… é¾™ æ¯ ï¼Œåƒµ å°¸ å‘½ å½’ è¥¿ ã€‹;é˜¿æ‹‰æ–¯åŠ æ¾;Â· 7-2;138.7ä¸‡;https://www.bilibili.com/video/BV1ks4y1F7ya/;02:27
#å½’é¾™æ½®#bilibiliworld;éª‘å£«ç‹æ˜¯å¥³å­©;Â· 7-21;70;https://www.bilibili.com/video/BV1bM4y1s7aR/;00:04
å½’é¾™;bili_20478552237;Â· 7-21;124;https://www.bilibili.com/video/BV1TM4y1s7gq/;00:13
#bilibili2023#å½’é¾™æ½®;è’œè“‰å°é¾™è™¾å¥½åƒ;Â· 7-23;7;https://www.bilibili.com/video/BV1d94y1e7Se/;00:06
é¾™å¸å½’é¾™å¸ï¼Œä½†æ˜¯è…¿çœŸçš„æ˜¯åˆ«æ‰­;èººå¹³å¿†å¤;Â· 4-1;1.6ä¸‡;https://www.bilibili.com/video/BV1ya4y1M7tN/;00:13
ã€ä¹æ­£é¾™ç‰™xä¹æ­£ç»«ã€‘å½’é¾™é“­ ï¼ˆHB to å¤©ç’‡å­ï¼‰;å¤©ç’‡ç’‡ç’‡ç’‡å­;Â· 2020-1-30;141;https://www.bilibili.com/video/BV1w7411B7Z5/;03:19
å›½Â·å®«å•†è§’ æ³¾æ²³é¾™é€ƒå½’ç¢§è½ï¼Œ é’±å¡˜é¾™èµ¶ä¸Šè‹ç©¹ã€‚â€”â€”è‹ç©¹(Universe);ç‰§ç¾Šäººä¹‹æ˜Ÿ;Â· 2021-3-1;76;https://www.bilibili.com/video/BV1Lv411h7Z8/;03:46
æ¸¸ é¾™ å½“ å½’ æµ· æµ· ä¸ è¿ æˆ‘ è‡ª æ¥ ä¹Ÿ;-ã•ã™ãŒç§-;Â· 2020-8-7;188;https://www.bilibili.com/video/BV1Xi4y1u7FP/;04:26
@å½’é¾™æ½®;M78æ˜Ÿäº‘é«˜çº§ç‰¹å·¥;Â· 7-21;18;https://www.bilibili.com/video/BV1y14y1Q7Yw/;00:04
ã€ff14/å½’å¯»ã€‘å‰ä¸–ä»Šç”Ÿï¼ŒåŒCPï¼ŒçŒ«ç”·xé¾™ç”·ï¼Œé«˜åœ°å¥³xçŒ«å¥³;ç‰æ¼“æ¼“æ¼“æ¼“æ¼“;Â· 2020-1-1;503;https://www.bilibili.com/video/BV1tJ411b7js/;03:33
é©¯é¾™é«˜æ‰‹ç•ªå¤–ï¼šå½’å®¶ï¼ˆäºŒï¼‰ä¸‰ä¸ªé¾™å®å®å»æ‰¾å°å—è¢«çˆ¶æ¯æŠ“ä¸ªæ­£ç€;GJY-Dragon;Â· 8-9;2ä¸‡;https://www.bilibili.com/video/BV1HV4y1v7Jn/;11:25
è€¶;åœ°å‘±-æ©„;Â· 8-24;15;https://www.bilibili.com/video/BV1gh4y1U7mq/;00:04
ã€æ²§æµ·æ¸¸è¸ª11ã€‘ç»åŒºé›¶åˆ¶ä½œäººå’Œæµ·çŒ«ç»œåˆç‰©è·å¾—ä¸ªäººå¥–ï¼›DNFæ”¹åå¼•äº‰è®®ï¼›æ­£å¼é¦–æ›ï¼›æ˜Ÿä¹‹ç¿¼ä¸€æµ‹æ‹›å‹Ÿ;å½“å¹´æ»„æµ·;Â· 2-24;5.7ä¸‡;https://www.bilibili.com/video/BV1Yo4y1Y7qw/;04:22
èŒ—ï¼šé¾™ èŒ‰ å½’ æ¥;èŒ‰èœœçŸ¥å¦ƒ;Â· 11-26;355;https://www.bilibili.com/video/BV1CN411j74F/;04:49
ã€RaJor x åŠ¨ç‚¹ã€‘å½’é¾™é“­;ä¸ä¸RaJor;Â· 2018-10-20;2.4ä¸‡;https://www.bilibili.com/video/BV1qt411o7zt/;03:27
å‡¯æ—‹è€Œå½’ï¼é¾™ç‹®åŒä¼šï¼ä¸­ä¸œè¥¿é¾™èˆŸé˜ŸåŒé¾™å‡ºæµ·ï¼Œå‹‡å¤ºç”²ä¹™ç»„åŒå† å†›ï¼ä¸­ä¸œè¥¿æ°´å›´é¾™ç‹®å›¢çŒ®è‰ºåŠ©å…´ï¼2023é¹¤å±±å†œå•†é“¶è¡Œæ¯é¾™èˆŸå¤§èµ›;mc777fong;Â· 6-21;5533;https://www.bilibili.com/video/BV1hP411q742/;05:55
ã€Šæ²§æµ·æ¸¸è¸ªã€‹ç¬¬ä¸‰æœŸï¼šå†°å±±ä¸‹çš„æ­»å»é¡¹ç›®ï¼›å½’é¾™æ½®PVå®æœºï¼›ArchelandéŸ©æœä¸Šçº¿ï¼›éƒ½å¸‚æ€ªè°ˆæ¸¸æˆæ€ä¹ˆè¿™ä¹ˆå¤šï¼Ÿï¼;å½“å¹´æ»„æµ·;Â· 2022-12-9;1.6ä¸‡;https://www.bilibili.com/video/BV1Y14y1K7od/;07:29
againï½è¿™æ¬¡æ˜¯çƒ›ï¼;yhymdhs;Â· 7-23;10;https://www.bilibili.com/video/BV1GX4y1n7ou/;00:04
å·¦æ±Ÿå½’é¾™æ–œå¡” å´‡å·¦æ—…æ¸¸ ç¾æ™¯;ç¾æ™¯å¤§ç›˜ç‚¹-å°ä¾ ;Â· 10-17;6;https://www.bilibili.com/video/BV19w411Q7Us/;01:30
ã€ŠçœŸÌ·é¾™Ì·å½’Ì·ä½Ì·ã€‹å®Œæ•´ç‰ˆå…¨é›†;éœ²éœ²ä¸å“­ä¸å“­;Â· 10-19;198;https://www.bilibili.com/video/BV1ww411w7bp/;01:11:42
æ¸¸ é¾™ å½“ å½’ æµ·;60å²ä½“è´¨çš„å¤§å­¦ç”Ÿ;Â· 2022-2-20;5;https://www.bilibili.com/video/BV1db4y147he/;00:19
æ¸¸ é¾™ å½“ å½’ æµ·ï¼ã€è‡ªæ¥ä¹Ÿè±ªæ°ç‰©è¯­ã€;é£˜å›ovo;Â· 2021-7-26;2370;https://www.bilibili.com/video/BV1zX4y1c7Hf/;05:13
å¤© é¾™ å½’ æ¥;ä¸­è€å¹´ç”µç«ä¿±ä¹éƒ¨;Â· 2020-8-20;2202;https://www.bilibili.com/video/BV1Rt4y1U7Zw/;01:04
å°å“¥å“¥å¤ªå¸…äº†ï¼æœŸå¾…å½’é¾™æ½®ï¼;yhymdhs;Â· 7-23;10;https://www.bilibili.com/video/BV1o94y1e7Ao/;00:04
ã€‚;bili_12443741309;Â· 7-22;6;https://www.bilibili.com/video/BV1RV4y147eq/;00:04
â€œç¥å…½ç»ˆäºå½’é¾™äº†ï¼Œæˆ‘è°¢å¤©è°¢åœ°è°¢å¹¿å¤â€å®‰è¿·ä¿®ä½ éª‘å£«é“å‘¢;ä¸€åªç³çŒ«-;Â· 2022-12-20;4049;https://www.bilibili.com/video/BV1Gv4y1X7FN/;01:03
è‡ªæ¥ä¹Ÿï¼šäº¦å¸ˆäº¦å‹ï¼Œæˆä¸šä¼ é“ï¼Œæ¸¸é¾™ç»ˆå½’æµ·ã€ç«å½±å¿è€…ã€‘;æ¸…è¿œèŠåŠ¨æ¼«;Â· 9-10;227;https://www.bilibili.com/video/BV1ow411U7h6/;00:35
bwå½’é¾™æ½®;bili_58555292314;Â· 7-22;33;https://www.bilibili.com/video/BV1eW4y1d7XY/;00:04
æ±‰å®¶ç§¦åœ°æœˆï¼Œæµå½±ç…§æ˜å¦ƒï¼Œä¸€ä¸Šç‰å…³é“ï¼Œå¤©æ¶¯å»ä¸å½’ å¤ç´ é¾™æœ”æ“;å‚ç”°ç‰å ‚;Â· 4-14;30;https://www.bilibili.com/video/BV1n24y1w7Wg/;01:12
ä½ æœ‰å¤šä¹…æ²¡çœ‹åŠ¨ç”»ç‰‡å•¦ï¼Ÿï¼Ÿå¥½çœ‹çš„åŠ¨ç”»çŸ­ç‰‡æ¨èï¼ï¼ã€Šé©¯é¾™é«˜æ‰‹ï¼šå½’å®¶ã€‹;Julyä¸ƒåä¸€;Â· 2021-12-27;7.2ä¸‡;https://www.bilibili.com/video/BV1LF411i7cQ/;21:28
ã€é•¿å®‰å°‘å¹´æ¸¸ã€‘ç™¾å¹´é¾™æ°”ï¼Œå½’äºå®¸æ˜;è¢–æµ®æ‰‡å¹•;Â· 2-1;2107;https://www.bilibili.com/video/BV19Y411S7jj/;03:24
â€œé­ ç‚® ç‚¸ é¾™ - ç‚® é¾™ å› å½’â€;å…³æ³¨å“å“Ÿå–‚;Â· 2-1;780;https://www.bilibili.com/video/BV1c24y1B77X/;01:20
ã€–æ‰‹æ¸¸ä¹±è°ˆã€—éœ€è¦â€œæå¿«ç‚¹å„¿â€çš„æ‰‹æ¸¸ PART 1;åå››æ‰‹æ¸¸å¤§å¸ˆ;Â· 8-14;876;https://www.bilibili.com/video/BV1pm4y1p7Xp/;01:21
;;;;https://www.bilibili.com/video/BV1QU4y1X7yp/;
;;;;https://www.bilibili.com/video/BV12341177BP/;
;;;;https://www.bilibili.com/video/BV11L4y1A72a/;
;;;;https://www.bilibili.com/video/BV1ae411X72S/;
;;;;https://www.bilibili.com/video/BV1eM4y1m7Zn/;
;;;;https://www.bilibili.com/video/BV1nh411w7XB/;
ã€ACEå¡«ç¿»ã€‘å½’é¾™å»å‡¤ã€Šåˆ˜å½»ä¼ Â·å¤–ä¼ Â·å‡¤æ –é¾™åŸã€‹å…ˆå¯¼ä¸»é¢˜æ›² ACEé•¿æ­Œ(feat.é¸¾æ˜) åŸæ›²ï¼šã€Šç ´äº‘æ¥ã€‹coverèµ¤ç¾½;é›ªå¦–MUsubi;Â· 2022-6-20;2282;https://www.bilibili.com/video/BV1QU4y1X7yp/;04:11
ã€é»‘å­å½’ã€‘å¹¼é¾™ çº¦ç¨¿ å¬æ­Œå‘;é»‘å­å½’æœ¬å½’;Â· 2022-2-16;263;https://www.bilibili.com/video/BV12341177BP/;05:17
ã€ä¸­å­—ã€‘ã€PRINCE OF LEGENDã€‘ä¼ å¥‡ç‹å­ äº¬æé¾™çº¿ï¼ˆå®Œç»“æŠ±å¾—é¾™é…±å½’ï¼‰;ç©ºç™½blankk;Â· 2022-6-23;3060;https://www.bilibili.com/video/BV11L4y1A72a/;02:51:36
è½å…¥è°·åº•çš„é¾™ä¹Ÿç»ˆå½’æ˜¯é¾™;ä¸·å–»ä¸åƒé±¼ä¸·;Â· 11-7;119;https://www.bilibili.com/video/BV1ae411X72S/;00:36
å½’é¾™åœ¨æ¸Š#åªç‹¼ #steamæ¸¸æˆ #åªç‹¼çš®è‚¤æŒ‘æˆ˜èµ› @é›«é£;æ‹æ·šåˆ†äº«å·;Â· 4-4;353;https://www.bilibili.com/video/BV1eM4y1m7Zn/;00:20
é¾™è™é—¨ç‹å°é¾å½’å¤©ã€‚ã€‚ç»˜ç”»è¿‡ç¨‹å›¾;å†¥å¸å¤ç¦»;Â· 5-16;324;https://www.bilibili.com/video/BV1nh411w7XB/;00:13
ç¥å…½è¦å½’é¾™å•Šï¼;å§œå®¶çš„å¤§å¤§å¤§å®è´;Â· 2022-11-15;13;https://www.bilibili.com/video/BV1dY411d77T/;00:40
è¿™ä¸ªæ‰å«ä¸“ä¸š;é£é¾™åœ¨å¤©å½’é¾™æ½®;Â· 11-4;90;https://www.bilibili.com/video/BV1jH4y167eR/;00:36
BW2023å½’é¾™æ½®;å‡ ç‚¹åˆ°å¥½çš„å¥½;Â· 7-21;48;https://www.bilibili.com/video/BV1dW4y1d7sb/;00:05
äº”æœˆäºŒæ¬¡å…ƒè¿‡å®¡æ¸¸æˆï¼šå”å”æ‹¿äº†ä¿©ï¼ä¾éœ²å¸Œå°”ï¼šæ˜Ÿæ™“ã€å½’é¾™æ½®ã€äº¤é”™æ®‹å“ã€å…‰éš™è§£è¯­ã€ç¯å¤–å’Œé€†å¢ƒé‡ç»„è·å¾—ç‰ˆå·;å½“å¹´æ»„æµ·;Â· 5-23;2.4ä¸‡;https://www.bilibili.com/video/BV1rh4y1x7bw/;05:19
æš—å·ç³/å½’é¾™æ½® BOSSæœ€è¯¥å‰Šçš„å°±æ˜¯è¢«åŠ¨æŠ€èƒ½æ‰å¸§!ä¸å‰Šä¸èƒ½ç©!;çæƒœå“Ÿ;Â· 4-3;344;https://www.bilibili.com/video/BV1JT411s78W/;04:14
ã€è¨€å’Œ ä¹æ­£é¾™ç‰™ã€‘å½’é¾™é“­ï¼ˆcoverä¹æ­£é¾™ç‰™&åŠ¨ç‚¹Pï¼‰ã€æ”»ç§‘å¤§é˜Ÿé•¿ã€‘;æ”»ç§‘å¤§é˜Ÿé•¿;Â· 2018-10-5;1451;https://www.bilibili.com/video/BV1gW41127dL/;03:27
æ´›é˜³å¸‚æ ¾å·å¿æ›²å‰§å›¢æ¼”å‡ºã€ŠåŒ…å…¬è¾æœã€‹ä¸‡å²çˆ·å½’é¾™ä½å®¹è‡£å¥ä¸Šï¼ˆå†œäº‹åäºŒæœˆï¼‰;éº’ç”Ÿ-;Â· 3-11;1981;https://www.bilibili.com/video/BV1ho4y1B7Tj/;11:17
ä¸å¯ä¸å¤è™«è¯­å†°ï¼Œè¯­å®¶å¤§å°å§é©¾åˆ°;é£é¾™åœ¨å¤©å½’é¾™æ½®;Â· 11-9;4;https://www.bilibili.com/video/BV1g94y137ot/;00:31
ã€æ²§æµ·æ¸¸è¸ª16ã€‘å½’é¾™æ½®ã€P5Xã€æ–°æœˆåŒè¡Œé¦–æµ‹ï¼›é“¶æ²³å¢ƒç•Œçº¿ä»˜è´¹æµ‹ï¼›é‡è¿”æœªæ¥ä¸‰æµ‹æ‹›å‹Ÿ;å½“å¹´æ»„æµ·;Â· 4-1;1.3ä¸‡;https://www.bilibili.com/video/BV13L411D7xP/;07:13
çŸ³å™¨æ—¶ä»£è§‰é†’è½¬ç”Ÿç»¿äººé¾™ä¹‹äºŒå¼Ÿå½’å±±;Ran_dove;Â· 11-18;756;https://www.bilibili.com/video/BV1hc41167bb/;00:36
âš¡ï¸æˆ é¾™ å­¦ æˆ å½’ æ¥âš¡ï¸;æ˜ŸæŸ“_æ¢“çµ;Â· 2022-4-16;53;https://www.bilibili.com/video/BV1P5411S7fb/;00:50
æ—é‘«ç²¾ç¥å´©æºƒï¼Œæé¦¨ç”¨äº²å»ä½œä¸ºè¡¥å¿ï¼æ—é‘«æŠ±å¾—ç¾äººå½’ï¼é¾™çš“æ™¨ç›´è¨€é“ï¼Œå¥½å°å­ï¼;å°ç¾¡çˆ±åŠ¨æ¼«;Â· 11-8;1ä¸‡;https://www.bilibili.com/video/BV1Wj411h7Bn/;01:32
æ¸¸ é¾™ å½’ æµ·;å°å¯ä¸‡äº‹èƒœæ„;Â· 2021-11-22;29;https://www.bilibili.com/video/BV1uR4y1b7vp/;00:14
ç¥å…½å½’é¾™ï¼ #å¯çˆ±çš„å­¦ç”Ÿ #æ ¡å›­ç²¾å½©ç¬é—´ #å­¦ç”Ÿçš„æç¬‘ç¬é—´;å•çº¯çš„å­¦é•¿;Â· 5-20;900;https://www.bilibili.com/video/BV17d4y1Z7nG/;00:31
ã€æ²§æµ·æ¸¸è¸ª14Aã€‘æ–°æœˆåŒè¡Œ/å½’é¾™æ½®/å¤œå¹•é­…å½±/ç™½å¤œæå…‰/ä»£å·UHå¼€å¯æ‹›å‹Ÿï¼;å½“å¹´æ»„æµ·;Â· 3-18;2ä¸‡;https://www.bilibili.com/video/BV11b411Z78Z/;07:07
ã€Šé¾™ç‹é‡å½’ã€‹é¾™å‰§ç¬¬oé›†;åºŸé¾™å‡Œç‰;Â· 9-24;147;https://www.bilibili.com/video/BV1H34y1A7zm/;00:10
å´‡å·¦å¸‚å¤ªå¹³é•‡å½’é¾™æ–œå¡”;è€å•æ¸¸é’“æ±Ÿæ¹–;Â· 3-27;74;https://www.bilibili.com/video/BV11k4y147aw/;01:14
ã€Šå¬ã€‹æœ‰å£°å°è¯´ï¼š396-é‡å½’ é¾™ä¸é­”æ³•å¸ˆ:æš—æœˆæ— å¿ƒ;å¤œä¸­deå‰‘;Â· 2022-12-19;1;https://www.bilibili.com/video/BV1TM411S7Qb/;10:10
ç”·äººä¸ä¸‹å¿ƒæ‰è½å±±å´–ï¼Œç«Ÿç„¶éª‘é¾™è€Œå½’ã€‚;å°æç°é›•;Â· 7-11;267;https://www.bilibili.com/video/BV1GM4y1x714/;01:05
å¤´æ‚¬å‰‘ï¼Œèˆç¿©è·¹ï¼Œç½ªäººèˆæ­¥æ—‹ã€‚ç»ˆè°¢å¹•ï¼Œç¥å·²å»ï¼Œæ·±è—åŠŸä¸åã€‚é¾™è½æ³ªï¼Œå¤æƒå½’ï¼Œå®£å¸ƒæ— äººç½ªã€‚äººè½æ³ªï¼Œæ¢¦åˆé†’ï¼Œæ— äººçŸ¥åŠ«å†ã€‚åŠå´©æºƒï¼Œä»æŠ—æ¬²ï¼Œå€¼æ°¸ä¸–ä¼ è¯µã€‚;æ»¡å¤©ä¸åŠæ˜Ÿè¾°;Â· 11-20;115;https://www.bilibili.com/video/BV14u4y1j7KU/;01:51
ã€æˆ‘æ¨ã®æœé’é¾™ã€‘ æ‹”é™¤çœ¼ä¸­é’‰ æ”¾é’é¾™å½’äºè‹ç©¹;æ±æ–¹ä»»;Â· 7-7;3149;https://www.bilibili.com/video/BV1FX4y1p7dd/;01:31
[4K] æ²³è‹±,ç‘æ¸Š,æ™ºåª›(Fromis_9) -'Stay This Way+We Go' äº¬ç•¿å¤§å­¦å½’é¾™ç¥­+åŸå·èˆè¹ˆå˜‰å¹´å 230922;sakedesi;Â· 9-23;375;https://www.bilibili.com/video/BV1nk4y1c75h/;13:08
ã€Šå¬ã€‹æœ‰å£°å°è¯´ï¼š385- å—å½’ é¾™ä¸é­”æ³•å¸ˆ:æš—æœˆæ— å¿ƒ;å¤œä¸­deå‰‘;Â· 2022-12-19;1;https://www.bilibili.com/video/BV1614y1N7Fn/;09:53
ä»™äººæ¨¡å¼ç™»åœºç§’æ€ä¸€åŠä½©æ© ä½†ç»ˆå½’æ¸¸é¾™å…¥æµ·;è€å­£æ¼«è¯;Â· 2-25;1.4ä¸‡;https://www.bilibili.com/video/BV1nY4y127Rc/;04:03
ä»™äººæ¨¡å¼ç™»åœºç§’æ€ä¸€åŠä½©æ© ä½†ç»ˆå½’æ¸¸é¾™å…¥æµ·;åŠ¨æ¼«åˆ›æ„ç ”ç©¶æ‰€;Â· 4-20;3;https://www.bilibili.com/video/BV1cP411D7f3/;02:15
ã€Š é¾™ ç‹ å½’ æ¥ ã€‹ä¸‰å¹´æœŸæ»¡ ä¸€äº¿ç¾å…ƒå·²åˆ°ï¼;å¤ªé˜³3å¤ªé˜³;Â· 2020-8-24;1368;https://www.bilibili.com/video/BV1B54y1e7PM/;01:40
ã€ç‰ˆå·é€Ÿè§ˆã€‘ä¼—ç¥æ´¾å¯¹ã€ç½‘æ˜“çš„ä¸ƒæ—¥ä¸–ç•Œã€ä¾éœ²å¸Œå°”ï¼šæ˜Ÿæ™“ã€å½’é¾™æ½®ï¼ˆæš—å·ç³ï¼‰ã€äº¤é”™æ®‹å“ã€å¼ˆä»™ç‰Œã€å…‰éš™è§£è¯­ã€å¿ƒæ¸Šæ¢¦å¢ƒç­‰è¿‡å®¡;ä¸€ä¸ªæ¯›çƒçƒ;Â· 5-22;6694;https://www.bilibili.com/video/BV1kV4y1673E/;01:22
æ¸¸ é¾™ å½“ å½’ æµ·;è®°å¾—æ•æ‰æœˆå…‰;Â· 2021-8-7;93;https://www.bilibili.com/video/BV1Zy4y157F5/;03:20
æ›²å‰§ã€ŠåŒ…å…¬è¾æœã€‹ä¸‡å²çˆ·å½’é¾™ä½å®¹è‡£å¥ä¸Šï¼Œå…°æ–‡ç¥¥æ¼”å”±;æ¢¨å›­ç²¾å“;Â· 10-19;9083;https://www.bilibili.com/video/BV15H4y1d794/;12:31
ä½ åœ¨æ•™æˆ‘åšäº‹å—;é£é¾™åœ¨å¤©å½’é¾™æ½®;Â· 11-8;82;https://www.bilibili.com/video/BV1fu4y1879P/;00:34
;;;;https://www.bilibili.com/video/BV1yg411n7A8/;
;;;;https://www.bilibili.com/video/BV1c14y1B765/;
;;;;https://www.bilibili.com/video/BV1zV41137YD/;
;;;;https://www.bilibili.com/video/BV1f64y1x7vg/;
;;;;https://www.bilibili.com/video/BV1qv411j7LS/;
;;;;https://www.bilibili.com/video/BV16w411B7qz/;
