标题;发布者;发布时间;评论数;用户名;评论内容;评论点赞数;评论发表时间
标题;发布者;发布时间;评论数;用户名;评论内容;评论点赞数;评论发表时间
标题;发布者;发布时间;评论数;用户名;评论内容;评论点赞数;评论发表时间
标题;发布者;发布时间;评论数;用户名;评论内容;评论点赞数;评论发表时间
标题;发布者;发布时间;评论数;用户名;评论内容;评论点赞数;评论发表时间
标题;发布者;发布时间;评论数;用户名;评论内容;评论点赞数;评论发表时间
标题;发布者;发布时间;评论数;用户名;评论内容;评论点赞数;评论发表时间
标题;发布者;发布时间;评论数;用户名;评论内容;评论点赞数;评论发表时间
标题;发布者;发布时间;评论数;用户名;评论内容;评论点赞数;评论发表时间
标题;发布者;发布时间;评论数;用户名;评论内容;评论点赞数;评论发表时间
标题;发布者;发布时间;评论数;用户名;评论内容;评论点赞数;评论发表时间
标题;发布者;发布时间;评论数;用户名;评论内容;评论点赞数;评论发表时间
标题;发布者;发布时间;评论数;用户名;评论内容;评论点赞数;评论发表时间
标题;发布者;发布时间;评论数;用户名;评论内容;评论点赞数;评论发表时间
标题;发布者;发布时间;评论数;用户名;评论内容;评论点赞数;评论发表时间
标题;发布者;发布时间;评论数;用户名;评论内容;评论点赞数;评论发表时间
龙潮唱片｜《归龙潮》更名印象曲正式上线！;1054;归龙潮;2023-06-16 11:00:00;312;58000.0;7959;15000.0;2577;0;无评论;无评论;无评论;无评论;无评论
标题;发布者;发布时间;评论数;用户名;评论内容;评论点赞数;评论发表时间
标题;发布者;发布时间;评论数;用户名;评论内容;评论点赞数;评论发表时间
标题;发布者;发布时间;评论数;用户名;评论内容;评论点赞数;评论发表时间
标题;发布者;发布时间;评论数;用户名;评论内容;评论点赞数;评论发表时间
标题;发布者;发布时间;评论数;用户名;评论内容;评论点赞数;评论发表时间
标题;发布者;发布时间;评论数;用户名;评论内容;评论点赞数;评论发表时间
标题;发布者;发布时间;评论数;用户名;评论内容;评论点赞数;评论发表时间
标题;发布者;发布时间;评论数;用户名;评论内容;评论点赞数;评论发表时间
标题;发布者;发布时间;评论数;用户名;评论内容;评论点赞数;评论发表时间
标题;发布者;发布时间;评论数;用户名;评论内容;评论点赞数;评论发表时间
标题;发布者;发布时间;评论数;用户名;评论内容;评论点赞数;评论发表时间
标题;发布者;发布时间;评论数;用户名;评论内容;评论点赞数;评论发表时间
标题;发布者;发布时间;评论数;用户名;评论内容;评论点赞数;评论发表时间
标题;发布者;发布时间;评论数;用户名;评论内容;评论点赞数;评论发表时间
标题;发布者;发布时间;评论数;用户名;评论内容;评论点赞数;评论发表时间
标题;发布者;发布时间;评论数;用户名;评论内容;评论点赞数;评论发表时间
标题;发布者;发布时间;评论数;用户名;评论内容;评论点赞数;评论发表时间
标题;发布者;发布时间;评论数;用户名;评论内容;评论点赞数;评论发表时间
标题;发布者;发布时间;评论数;用户名;评论内容;评论点赞数;评论发表时间
标题;发布者;发布时间;评论数;用户名;评论内容;评论点赞数;评论发表时间
标题;发布者;发布时间;评论数;用户名;评论内容;评论点赞数;评论发表时间
标题;发布者;发布时间;评论数;用户名;评论内容;评论点赞数;评论发表时间
标题;发布者;发布时间;评论数;用户名;评论内容;评论点赞数;评论发表时间
标题;发布者;发布时间;评论数;用户名;评论内容;评论点赞数;评论发表时间
标题;发布者;发布时间;评论数;用户名;评论内容;评论点赞数;评论发表时间
标题;发布者;发布时间;评论数;用户名;评论内容;评论点赞数;评论发表时间
标题;发布者;发布时间;评论数;用户名;评论内容;评论点赞数;评论发表时间
标题;发布者;发布时间;评论数;用户名;评论内容;评论点赞数;评论发表时间
标题;发布者;发布时间;评论数;用户名;评论内容;评论点赞数;评论发表时间
标题;发布者;发布时间;评论数;用户名;评论内容;评论点赞数;评论发表时间
标题;发布者;发布时间;评论数;用户名;评论内容;评论点赞数;评论发表时间
标题;发布者;发布时间;评论数;用户名;评论内容;评论点赞数;评论发表时间
标题;发布者;发布时间;评论数;用户名;评论内容;评论点赞数;评论发表时间
标题;发布者;发布时间;评论数;用户名;评论内容;评论点赞数;评论发表时间
标题;发布者;发布时间;评论数;用户名;评论内容;评论点赞数;评论发表时间
