发布者;发布时间;博客url链接
sven_shi;03月24日 11:16;https://weibo.com/2382064902/O6sRF5ebM?refer_flag=1001030103_
风清颂;03月24日 11:03;https://weibo.com/2204116410/O6sMj660V?refer_flag=1001030103_
贵溪发布;03月24日 10:17;https://weibo.com/6083245339/O6stx6aTn?refer_flag=1001030103_
平邑融媒;03月24日 10:01;https://weibo.com/7296341422/O6sn2feBX?refer_flag=1001030103_
新疆高院;03月24日 09:56;https://weibo.com/3728526493/O6skU0gDB?refer_flag=1001030103_
MingZhC;03月24日 08:55;https://weibo.com/3821861152/O6rW42Qjc?refer_flag=1001030103_
北京大峰峰;03月24日 08:21;https://weibo.com/5816161945/O6rIlsdPl?refer_flag=1001030103_
奋斗光彩;03月24日 06:59;https://weibo.com/7686004533/O6rb8lccx?refer_flag=1001030103_
潮视频;03月23日 21:56;https://weibo.com/7300690586/O6nCS4M1g?refer_flag=1001030103_
钱江晚报;03月23日 21:54;https://weibo.com/1700720163/O6nBNyjJO?refer_flag=1001030103_
TGB湖南人;03月22日 17:37;https://weibo.com/1798332054/O6cv59O9o?refer_flag=1001030103_
FM1045旅游之声;03月22日 15:53;https://weibo.com/2012816014/O6bOSfZS4?refer_flag=1001030103_
临平发布;03月22日 14:35;https://weibo.com/7701363090/O6bjjzo6A?refer_flag=1001030103_
潮视频;03月22日 14:26;https://weibo.com/7300690586/O6bfJCgT8?refer_flag=1001030103_
黑链小圈-螺纹铁矿;03月22日 08:41;https://weibo.com/5675164557/O68ZB8tdq?refer_flag=1001030103_
TGB湖南人;03月21日 17:50;https://weibo.com/1798332054/O639Ja5Fq?refer_flag=1001030103_
主持人狄可coco;03月21日 13:39;https://weibo.com/1706076912/O61vRqT8V?refer_flag=1001030103_
TGB湖南人;03月20日 17:08;https://weibo.com/1798332054/O5TsrqKcL?refer_flag=1001030103_
马上谈;03月20日 08:26;https://weibo.com/2036161077/O5Q2EfCZP?refer_flag=1001030103_
中国商界杂志社;03月18日 16:27;https://weibo.com/1739961924/O5AkGnqOT?refer_flag=1001030103_
中商微视点;03月18日 09:29;https://weibo.com/5489648305/O5xB0fTI5?refer_flag=1001030103_
中国商报;03月18日 09:15;https://weibo.com/1958132051/O5xvkk0Jq?refer_flag=1001030103_
A股幽灵;03月18日 07:55;https://weibo.com/1266136987/O5wYP0nbu?refer_flag=1001030103_
庚白星君;03月18日 01:05;https://weibo.com/6399245004/O5uitBD3r?refer_flag=1001030103_
巴菲盖茨;03月16日 23:47;https://weibo.com/6030335780/O5kmwo997?refer_flag=1001030103_
钱江晚报;03月16日 14:57;https://weibo.com/1700720163/O5gT6o6UZ?refer_flag=1001030103_
木柳柳呀;03月16日 14:39;https://weibo.com/2172922805/O5gLVysDg?refer_flag=1001030103_
庚白星君;03月16日 00:14;https://weibo.com/6399245004/O5b6XFbXm?refer_flag=1001030103_
浙江日报;03月15日 22:07;https://weibo.com/1708763410/O5ah8bJn4?refer_flag=1001030103_
潮新闻;03月15日 21:19;https://weibo.com/6112949209/O59XBC72G?refer_flag=1001030103_
钱江晚报;03月15日 21:08;https://weibo.com/1700720163/O59T7h4Sn?refer_flag=1001030103_
潮视频;03月15日 15:02;https://weibo.com/7300690586/O57uznf2O?refer_flag=1001030103_
钱江晚报;03月15日 14:57;https://weibo.com/1700720163/O57sQmWlx?refer_flag=1001030103_
浙江经视;03月15日 14:41;https://weibo.com/1395622123/O57mbxCbR?refer_flag=1001030103_
蔡老兄;03月15日 13:04;https://weibo.com/3057586920/O56IF40Kg?refer_flag=1001030103_
简一与喵;03月15日 12:28;https://weibo.com/2193550872/O56un9JMk?refer_flag=1001030103_
齐俊杰;03月15日 11:15;https://weibo.com/1402007153/O560LoYMw?refer_flag=1001030103_
中金在线;03月15日 10:20;https://weibo.com/1649470535/O55E5AFZU?refer_flag=1001030103_
小泰山110;03月15日 09:39;https://weibo.com/1588199611/O55nzo1RE?refer_flag=1001030103_
365-厦门大雨;03月15日 09:18;https://weibo.com/1562273464/O55f2s9Do?refer_flag=1001030103_
看看新闻正能量;03月15日 08:46;https://weibo.com/6344662785/O552di4X8?refer_flag=1001030103_
短线牛掌柜;03月15日 08:45;https://weibo.com/1247704130/O551zj2Df?refer_flag=1001030103_
ohhei;03月15日 08:07;https://weibo.com/1892968444/O54MlAmSn?refer_flag=1001030103_
南方日报;03月15日 07:42;https://weibo.com/1682207150/O54Ci8o16?refer_flag=1001030103_
冷漠少女桃乐丝;03月15日 06:59;https://weibo.com/2244566114/O54kOiCY3?refer_flag=1001030103_
东方财富网;03月15日 05:27;https://weibo.com/1801487174/O53JaeglU?refer_flag=1001030103_
